Date,Item Code,Item Desc,Category,Quantity,Total
1/1/17,150,BAVIERA X 1,Tapas,6,750
1/1/17,151,BAVIERA X 2,Tapas,8,1920
1/1/17,59,BRUSQUETA HONG,Apetizers,6,570
1/1/17,58,BRUSQUETAS CRUD,Apetizers,9,720
1/1/17,78,C. CAPRESSE,Pizzas,6,510
1/1/17,79,C. CRUDO RUCULA,Pizzas,2,190
1/1/17,71,C. FUGAZZETA,Pizzas,2,160
1/1/17,75,C. JAMON,Pizzas,2,170
1/1/17,80,C. JAMON Y MORR,Pizzas,2,180
1/1/17,77,C. MORRONES,Pizzas,1,85
1/1/17,70,C. MUZZA,Pizzas,6,420
1/1/17,72,C. NAPOLITANA,Pizzas,3,255
1/1/17,76,C. PROVOLONE,Pizzas,2,180
1/1/17,49,CHOCOTORTA,Desserts,1,75
1/1/17,50,COPA MELBA,Desserts,11,825
1/1/17,152,COSSAB X 1,Tapas,50,6750
1/1/17,153,COSSAB X 2,Tapas,45,11250
1/1/17,226,CUAD. DE MUZZA,Apetizers,26,2600
1/1/17,188,CUADRIL COSSAB,Sandwichs,6,840
1/1/17,189,CUDRIL VIKINGO,Sandwichs,8,1120
1/1/17,23,ESPAÑOLAS PICAN,Fries,30,2550
1/1/17,173,G. CALABRESA,Pizzas,1,150
1/1/17,178,G. CAPRESSE,Pizzas,7,1015
1/1/17,179,G. CRUDO Y RUCU,Pizzas,9,1440
1/1/17,171,G. FUGAZZETA,Pizzas,1,140
1/1/17,175,G. JAMON,Pizzas,2,300
1/1/17,180,G. JAMON Y MORR,Pizzas,11,1870
1/1/17,177,G. MORRONES,Pizzas,3,450
1/1/17,170,G. MUZZA,Pizzas,12,1500
1/1/17,172,G. NAPOLITANA,Pizzas,7,1015
1/1/17,176,G. PROVOLONE,Pizzas,10,1550
1/1/17,174,G. ROQUEFORT,Pizzas,5,750
1/1/17,236,HAMB ALEMANA,Hamburgers,20,2300
1/1/17,231,HAMB ARGENTA,Hamburgers,4,460
1/1/17,238,HAMB BRASILERA,Hamburgers,16,1840
1/1/17,241,HAMB CALABAZA,Hamburgers,14,1400
1/1/17,239,HAMB CHARRUA,Hamburgers,3,345
1/1/17,230,HAMB COSSAB,Hamburgers,25,2875
1/1/17,235,HAMB FRANCESA,Hamburgers,23,2645
1/1/17,237,HAMB KANGREBURG,Hamburgers,52,5980
1/1/17,243,HAMB LENTEJAS,Hamburgers,10,1000
1/1/17,234,HAMB MEXICANA,Hamburgers,16,1840
1/1/17,233,HAMB NORMANDA,Hamburgers,15,1725
1/1/17,240,HAMB NORTEAMERI,Hamburgers,68,7820
1/1/17,244,HAMB QUINOA,Hamburgers,29,2900
1/1/17,242,HAMB SUIZA,Hamburgers,30,3450
1/1/17,232,HAMB VIKINGA,Hamburgers,38,4370
1/1/17,46,NACHOS,Apetizers,33,2805
1/1/17,24,PAPAS 4 QUESOS,Fries,68,6120
1/1/17,26,PAPAS BARBACOA,Fries,19,1710
1/1/17,28,PAPAS CHEDDAR,Fries,134,12060
1/1/17,22,PAPAS FRITAS,Fries,58,4060
1/1/17,25,PAPAS RUSTICAS,Fries,63,5670
1/1/17,190,POLLO BELGA,Sandwichs,13,1560
1/1/17,187,POLLO COSSAB,Sandwichs,23,2760
1/1/17,159,QUESOS X 1,Tapas,24,3120
1/1/17,160,QUESOS X 2,Tapas,6,1470
1/1/17,40,SALCH ALEMANA,Sausages,31,4185
1/1/17,42,SALCH DIABLO,Sausages,14,2030
1/1/17,27,SALCHIPAPAS BEL,Fries,95,11875
1/1/17,191,SANWUCHE BERNA,Sandwichs,9,1125
1/1/17,60,SUPER MILANESA,Entries,21,2625
1/1/17,45,TABLA BRATWURST,Sausages,10,3600
1/1/17,82,TAPEO X2,Tapas,180,43200
1/1/17,57,TIRITAS POLL,Apetizers,35,3500
1/1/17,62,TORTILLA,Entries,6,600
1/1/17,63,TORTILLA ESP,Entries,7,805
2/1/17,29,ADICIONAL PANCE,Fries,2,250
2/1/17,150,BAVIERA X 1,Tapas,11,1420
2/1/17,151,BAVIERA X 2,Tapas,11,2740
2/1/17,59,BRUSQUETA HONG,Apetizers,10,950
2/1/17,58,BRUSQUETAS CRUD,Apetizers,13,1040
2/1/17,78,C. CAPRESSE,Pizzas,3,255
2/1/17,79,C. CRUDO RUCULA,Pizzas,3,285
2/1/17,71,C. FUGAZZETA,Pizzas,1,80
2/1/17,75,C. JAMON,Pizzas,2,170
2/1/17,80,C. JAMON Y MORR,Pizzas,2,180
2/1/17,70,C. MUZZA,Pizzas,4,280
2/1/17,72,C. NAPOLITANA,Pizzas,2,170
2/1/17,74,C. ROQUEFORT,Pizzas,1,85
2/1/17,49,CHOCOTORTA,Desserts,9,675
2/1/17,50,COPA MELBA,Desserts,18,1350
2/1/17,152,COSSAB X 1,Tapas,44,6100
2/1/17,153,COSSAB X 2,Tapas,52,13430
2/1/17,226,CUAD. DE MUZZA,Apetizers,25,2500
2/1/17,188,CUADRIL COSSAB,Sandwichs,9,1295
2/1/17,189,CUDRIL VIKINGO,Sandwichs,26,3745
2/1/17,23,ESPAÑOLAS PICAN,Fries,24,2040
2/1/17,173,G. CALABRESA,Pizzas,4,600
2/1/17,178,G. CAPRESSE,Pizzas,7,1015
2/1/17,179,G. CRUDO Y RUCU,Pizzas,8,1280
2/1/17,171,G. FUGAZZETA,Pizzas,2,280
2/1/17,175,G. JAMON,Pizzas,4,600
2/1/17,180,G. JAMON Y MORR,Pizzas,9,1530
2/1/17,177,G. MORRONES,Pizzas,2,300
2/1/17,170,G. MUZZA,Pizzas,15,1875
2/1/17,172,G. NAPOLITANA,Pizzas,10,1450
2/1/17,176,G. PROVOLONE,Pizzas,10,1550
2/1/17,174,G. ROQUEFORT,Pizzas,1,150
2/1/17,236,HAMB ALEMANA,Hamburgers,20,2300
2/1/17,231,HAMB ARGENTA,Hamburgers,10,1150
2/1/17,238,HAMB BRASILERA,Hamburgers,22,2530
2/1/17,241,HAMB CALABAZA,Hamburgers,7,700
2/1/17,239,HAMB CHARRUA,Hamburgers,8,920
2/1/17,230,HAMB COSSAB,Hamburgers,30,3450
2/1/17,235,HAMB FRANCESA,Hamburgers,31,3565
2/1/17,237,HAMB KANGREBURG,Hamburgers,35,4025
2/1/17,243,HAMB LENTEJAS,Hamburgers,10,1000
2/1/17,234,HAMB MEXICANA,Hamburgers,17,1955
2/1/17,233,HAMB NORMANDA,Hamburgers,26,2990
2/1/17,240,HAMB NORTEAMERI,Hamburgers,74,8510
2/1/17,244,HAMB QUINOA,Hamburgers,33,3300
2/1/17,242,HAMB SUIZA,Hamburgers,46,5290
2/1/17,232,HAMB VIKINGA,Hamburgers,61,7015
2/1/17,46,NACHOS,Apetizers,36,3060
2/1/17,24,PAPAS 4 QUESOS,Fries,70,6300
2/1/17,26,PAPAS BARBACOA,Fries,22,1980
2/1/17,28,PAPAS CHEDDAR,Fries,130,11700
2/1/17,22,PAPAS FRITAS,Fries,58,4060
2/1/17,25,PAPAS RUSTICAS,Fries,80,7200
2/1/17,190,POLLO BELGA,Sandwichs,19,2420
2/1/17,187,POLLO COSSAB,Sandwichs,7,890
2/1/17,159,QUESOS X 1,Tapas,11,1470
2/1/17,160,QUESOS X 2,Tapas,10,2490
2/1/17,54,RABAS,Apetizers,16,3040
2/1/17,56,RABAS C/SALSAS,Apetizers,3,645
2/1/17,55,RABAS PROV,Apetizers,6,1200
2/1/17,40,SALCH ALEMANA,Sausages,16,2160
2/1/17,42,SALCH DIABLO,Sausages,6,870
2/1/17,27,SALCHIPAPAS BEL,Fries,72,9000
2/1/17,191,SANWUCHE BERNA,Sandwichs,8,940
2/1/17,60,SUPER MILANESA,Entries,16,2000
2/1/17,61,SUPREMA FUGAZE,Entries,2,550
2/1/17,45,TABLA BRATWURST,Sausages,12,4320
2/1/17,82,TAPEO X2,Tapas,241,59770
2/1/17,57,TIRITAS POLL,Apetizers,37,3700
2/1/17,62,TORTILLA,Entries,9,900
2/1/17,63,TORTILLA ESP,Entries,23,2645
3/1/17,29,ADICIONAL PANCE,Fries,1,125
3/1/17,150,BAVIERA X 1,Tapas,11,1430
3/1/17,151,BAVIERA X 2,Tapas,12,3000
3/1/17,59,BRUSQUETA HONG,Apetizers,6,570
3/1/17,58,BRUSQUETAS CRUD,Apetizers,11,880
3/1/17,78,C. CAPRESSE,Pizzas,1,90
3/1/17,79,C. CRUDO RUCULA,Pizzas,1,95
3/1/17,71,C. FUGAZZETA,Pizzas,2,170
3/1/17,75,C. JAMON,Pizzas,1,90
3/1/17,80,C. JAMON Y MORR,Pizzas,1,100
3/1/17,77,C. MORRONES,Pizzas,1,90
3/1/17,70,C. MUZZA,Pizzas,7,525
3/1/17,72,C. NAPOLITANA,Pizzas,2,180
3/1/17,76,C. PROVOLONE,Pizzas,4,380
3/1/17,74,C. ROQUEFORT,Pizzas,1,90
3/1/17,49,CHOCOTORTA,Desserts,2,150
3/1/17,50,COPA MELBA,Desserts,13,975
3/1/17,152,COSSAB X 1,Tapas,36,5040
3/1/17,153,COSSAB X 2,Tapas,44,11440
3/1/17,226,CUAD. DE MUZZA,Apetizers,43,4300
3/1/17,188,CUADRIL COSSAB,Sandwichs,6,870
3/1/17,189,CUDRIL VIKINGO,Sandwichs,17,2465
3/1/17,23,ESPAÑOLAS PICAN,Fries,26,2210
3/1/17,173,G. CALABRESA,Pizzas,4,640
3/1/17,178,G. CAPRESSE,Pizzas,4,610
3/1/17,179,G. CRUDO Y RUCU,Pizzas,7,1190
3/1/17,171,G. FUGAZZETA,Pizzas,4,600
3/1/17,175,G. JAMON,Pizzas,2,320
3/1/17,180,G. JAMON Y MORR,Pizzas,8,1440
3/1/17,177,G. MORRONES,Pizzas,4,640
3/1/17,170,G. MUZZA,Pizzas,23,3105
3/1/17,172,G. NAPOLITANA,Pizzas,6,930
3/1/17,176,G. PROVOLONE,Pizzas,5,825
3/1/17,174,G. ROQUEFORT,Pizzas,3,480
3/1/17,236,HAMB ALEMANA,Hamburgers,16,1915
3/1/17,231,HAMB ARGENTA,Hamburgers,9,1070
3/1/17,238,HAMB BRASILERA,Hamburgers,9,1070
3/1/17,241,HAMB CALABAZA,Hamburgers,13,1400
3/1/17,239,HAMB CHARRUA,Hamburgers,12,1435
3/1/17,230,HAMB COSSAB,Hamburgers,27,3230
3/1/17,235,HAMB FRANCESA,Hamburgers,30,3600
3/1/17,237,HAMB KANGREBURG,Hamburgers,43,5155
3/1/17,243,HAMB LENTEJAS,Hamburgers,9,990
3/1/17,234,HAMB MEXICANA,Hamburgers,15,1795
3/1/17,233,HAMB NORMANDA,Hamburgers,15,1795
3/1/17,240,HAMB NORTEAMERI,Hamburgers,65,7790
3/1/17,244,HAMB QUINOA,Hamburgers,32,3520
3/1/17,242,HAMB SUIZA,Hamburgers,37,4440
3/1/17,232,HAMB VIKINGA,Hamburgers,48,5750
3/1/17,46,NACHOS,Apetizers,31,2635
3/1/17,24,PAPAS 4 QUESOS,Fries,72,6480
3/1/17,26,PAPAS BARBACOA,Fries,17,1530
3/1/17,28,PAPAS CHEDDAR,Fries,127,11430
3/1/17,22,PAPAS FRITAS,Fries,43,3010
3/1/17,25,PAPAS RUSTICAS,Fries,67,6030
3/1/17,190,POLLO BELGA,Sandwichs,10,1300
3/1/17,187,POLLO COSSAB,Sandwichs,16,2080
3/1/17,159,QUESOS X 1,Tapas,20,2700
3/1/17,160,QUESOS X 2,Tapas,6,1500
3/1/17,54,RABAS,Apetizers,15,2850
3/1/17,56,RABAS C/SALSAS,Apetizers,1,215
3/1/17,55,RABAS PROV,Apetizers,6,1200
3/1/17,40,SALCH ALEMANA,Sausages,31,4185
3/1/17,42,SALCH DIABLO,Sausages,10,1450
3/1/17,27,SALCHIPAPAS BEL,Fries,82,10250
3/1/17,191,SANWUCHE BERNA,Sandwichs,21,2310
3/1/17,60,SUPER MILANESA,Entries,9,1125
3/1/17,61,SUPREMA FUGAZE,Entries,3,825
3/1/17,45,TABLA BRATWURST,Sausages,10,3600
3/1/17,82,TAPEO X2,Tapas,198,49500
3/1/17,57,TIRITAS POLL,Apetizers,32,3200
3/1/17,62,TORTILLA,Entries,15,1500
3/1/17,63,TORTILLA ESP,Entries,21,2415
4/1/17,29,ADICIONAL PANCE,Fries,2,250
4/1/17,150,BAVIERA X 1,Tapas,13,1690
4/1/17,151,BAVIERA X 2,Tapas,13,3250
4/1/17,59,BRUSQUETA HONG,Apetizers,11,1045
4/1/17,58,BRUSQUETAS CRUD,Apetizers,16,1280
4/1/17,78,C. CAPRESSE,Pizzas,2,180
4/1/17,79,C. CRUDO RUCULA,Pizzas,2,200
4/1/17,71,C. FUGAZZETA,Pizzas,2,170
4/1/17,75,C. JAMON,Pizzas,2,180
4/1/17,80,C. JAMON Y MORR,Pizzas,2,200
4/1/17,77,C. MORRONES,Pizzas,1,90
4/1/17,70,C. MUZZA,Pizzas,8,600
4/1/17,72,C. NAPOLITANA,Pizzas,2,180
4/1/17,76,C. PROVOLONE,Pizzas,4,380
4/1/17,74,C. ROQUEFORT,Pizzas,1,90
4/1/17,49,CHOCOTORTA,Desserts,1,75
4/1/17,50,COPA MELBA,Desserts,21,1575
4/1/17,152,COSSAB X 1,Tapas,39,5460
4/1/17,153,COSSAB X 2,Tapas,38,9880
4/1/17,226,CUAD. DE MUZZA,Apetizers,22,2200
4/1/17,188,CUADRIL COSSAB,Sandwichs,6,870
4/1/17,189,CUDRIL VIKINGO,Sandwichs,13,1885
4/1/17,23,ESPAÑOLAS PICAN,Fries,25,2125
4/1/17,173,G. CALABRESA,Pizzas,4,640
4/1/17,178,G. CAPRESSE,Pizzas,5,775
4/1/17,179,G. CRUDO Y RUCU,Pizzas,5,850
4/1/17,171,G. FUGAZZETA,Pizzas,3,450
4/1/17,175,G. JAMON,Pizzas,6,960
4/1/17,180,G. JAMON Y MORR,Pizzas,15,2700
4/1/17,177,G. MORRONES,Pizzas,1,160
4/1/17,170,G. MUZZA,Pizzas,16,2160
4/1/17,172,G. NAPOLITANA,Pizzas,8,1240
4/1/17,176,G. PROVOLONE,Pizzas,6,990
4/1/17,174,G. ROQUEFORT,Pizzas,4,640
4/1/17,236,HAMB ALEMANA,Hamburgers,13,1560
4/1/17,231,HAMB ARGENTA,Hamburgers,9,1080
4/1/17,238,HAMB BRASILERA,Hamburgers,14,1680
4/1/17,241,HAMB CALABAZA,Hamburgers,14,1540
4/1/17,239,HAMB CHARRUA,Hamburgers,9,1080
4/1/17,230,HAMB COSSAB,Hamburgers,21,2520
4/1/17,235,HAMB FRANCESA,Hamburgers,26,3120
4/1/17,237,HAMB KANGREBURG,Hamburgers,54,6480
4/1/17,243,HAMB LENTEJAS,Hamburgers,19,2090
4/1/17,234,HAMB MEXICANA,Hamburgers,30,3600
4/1/17,233,HAMB NORMANDA,Hamburgers,10,1200
4/1/17,240,HAMB NORTEAMERI,Hamburgers,71,8520
4/1/17,244,HAMB QUINOA,Hamburgers,31,3410
4/1/17,242,HAMB SUIZA,Hamburgers,47,5640
4/1/17,232,HAMB VIKINGA,Hamburgers,69,8280
4/1/17,46,NACHOS,Apetizers,30,2550
4/1/17,24,PAPAS 4 QUESOS,Fries,67,6030
4/1/17,26,PAPAS BARBACOA,Fries,11,990
4/1/17,28,PAPAS CHEDDAR,Fries,131,11790
4/1/17,22,PAPAS FRITAS,Fries,36,2520
4/1/17,25,PAPAS RUSTICAS,Fries,59,5310
4/1/17,190,POLLO BELGA,Sandwichs,12,1560
4/1/17,187,POLLO COSSAB,Sandwichs,13,1690
4/1/17,159,QUESOS X 1,Tapas,8,1080
4/1/17,160,QUESOS X 2,Tapas,4,1000
4/1/17,54,RABAS,Apetizers,22,4180
4/1/17,56,RABAS C/SALSAS,Apetizers,2,430
4/1/17,55,RABAS PROV,Apetizers,8,1600
4/1/17,40,SALCH ALEMANA,Sausages,18,2430
4/1/17,42,SALCH DIABLO,Sausages,11,1595
4/1/17,27,SALCHIPAPAS BEL,Fries,88,11000
4/1/17,191,SANWUCHE BERNA,Sandwichs,9,990
4/1/17,60,SUPER MILANESA,Entries,7,875
4/1/17,61,SUPREMA FUGAZE,Entries,2,550
4/1/17,45,TABLA BRATWURST,Sausages,5,1800
4/1/17,82,TAPEO X2,Tapas,193,48250
4/1/17,57,TIRITAS POLL,Apetizers,38,3800
4/1/17,62,TORTILLA,Entries,7,700
4/1/17,63,TORTILLA ESP,Entries,16,1840
5/1/17,150,BAVIERA X 1,Tapas,6,840
5/1/17,151,BAVIERA X 2,Tapas,9,2340
5/1/17,59,BRUSQUETA HONG,Apetizers,5,500
5/1/17,58,BRUSQUETAS CRUD,Apetizers,8,680
5/1/17,78,C. CAPRESSE,Pizzas,1,95
5/1/17,79,C. CRUDO RUCULA,Pizzas,5,525
5/1/17,71,C. FUGAZZETA,Pizzas,1,90
5/1/17,75,C. JAMON,Pizzas,3,285
5/1/17,80,C. JAMON Y MORR,Pizzas,1,100
5/1/17,77,C. MORRONES,Pizzas,1,95
5/1/17,70,C. MUZZA,Pizzas,5,400
5/1/17,72,C. NAPOLITANA,Pizzas,1,95
5/1/17,76,C. PROVOLONE,Pizzas,2,200
5/1/17,74,C. ROQUEFORT,Pizzas,2,180
5/1/17,49,CHOCOTORTA,Desserts,5,375
5/1/17,50,COPA MELBA,Desserts,32,2400
5/1/17,152,COSSAB X 1,Tapas,28,4060
5/1/17,153,COSSAB X 2,Tapas,37,9990
5/1/17,226,CUAD. DE MUZZA,Apetizers,35,3500
5/1/17,188,CUADRIL COSSAB,Sandwichs,3,435
5/1/17,189,CUDRIL VIKINGO,Sandwichs,5,725
5/1/17,23,ESPAÑOLAS PICAN,Fries,21,1785
5/1/17,173,G. CALABRESA,Pizzas,5,850
5/1/17,178,G. CAPRESSE,Pizzas,4,660
5/1/17,179,G. CRUDO Y RUCU,Pizzas,9,1620
5/1/17,171,G. FUGAZZETA,Pizzas,1,160
5/1/17,175,G. JAMON,Pizzas,2,340
5/1/17,180,G. JAMON Y MORR,Pizzas,12,2280
5/1/17,177,G. MORRONES,Pizzas,2,340
5/1/17,170,G. MUZZA,Pizzas,19,2755
5/1/17,172,G. NAPOLITANA,Pizzas,2,330
5/1/17,176,G. PROVOLONE,Pizzas,1,175
5/1/17,174,G. ROQUEFORT,Pizzas,5,850
5/1/17,236,HAMB ALEMANA,Hamburgers,16,2000
5/1/17,231,HAMB ARGENTA,Hamburgers,15,1875
5/1/17,238,HAMB BRASILERA,Hamburgers,18,2250
5/1/17,241,HAMB CALABAZA,Hamburgers,7,805
5/1/17,239,HAMB CHARRUA,Hamburgers,6,750
5/1/17,230,HAMB COSSAB,Hamburgers,24,3000
5/1/17,235,HAMB FRANCESA,Hamburgers,23,2875
5/1/17,237,HAMB KANGREBURG,Hamburgers,53,6625
5/1/17,243,HAMB LENTEJAS,Hamburgers,10,1150
5/1/17,234,HAMB MEXICANA,Hamburgers,21,2625
5/1/17,233,HAMB NORMANDA,Hamburgers,21,2625
5/1/17,240,HAMB NORTEAMERI,Hamburgers,64,8000
5/1/17,244,HAMB QUINOA,Hamburgers,13,1495
5/1/17,242,HAMB SUIZA,Hamburgers,33,4125
5/1/17,232,HAMB VIKINGA,Hamburgers,46,5750
5/1/17,34,MILA DE BERENJE,Entries,6,780
5/1/17,46,NACHOS,Apetizers,20,1700
5/1/17,32,PANCHO ALEMAN,Sausages,4,500
5/1/17,31,PANCHO PORTENO,Sausages,3,330
5/1/17,33,PANCHO YANKI,Sausages,2,270
5/1/17,24,PAPAS 4 QUESOS,Fries,71,6745
5/1/17,26,PAPAS BARBACOA,Fries,18,1710
5/1/17,28,PAPAS CHEDDAR,Fries,103,9785
5/1/17,22,PAPAS FRITAS,Fries,46,3220
5/1/17,25,PAPAS RUSTICAS,Fries,71,6745
5/1/17,190,POLLO BELGA,Sandwichs,9,1170
5/1/17,187,POLLO COSSAB,Sandwichs,6,780
5/1/17,159,QUESOS X 1,Tapas,9,1260
5/1/17,160,QUESOS X 2,Tapas,1,260
5/1/17,54,RABAS,Apetizers,29,5510
5/1/17,56,RABAS C/SALSAS,Apetizers,7,1505
5/1/17,55,RABAS PROV,Apetizers,10,2000
5/1/17,40,SALCH ALEMANA,Sausages,21,2940
5/1/17,42,SALCH DIABLO,Sausages,23,3450
5/1/17,27,SALCHIPAPAS BEL,Fries,55,7150
5/1/17,191,SANWUCHE BERNA,Sandwichs,16,1760
5/1/17,60,SUPER MILANESA,Entries,7,945
5/1/17,45,TABLA BRATWURST,Sausages,8,3120
5/1/17,82,TAPEO X2,Tapas,140,36400
5/1/17,57,TIRITAS POLL,Apetizers,31,3100
5/1/17,62,TORTILLA,Entries,16,1680
5/1/17,63,TORTILLA ESP,Entries,18,2160
5/1/17,66,WRAP CARNE,Sandwichs,14,2030
5/1/17,65,WRAP POLLO,Sandwichs,13,1690
5/1/17,64,WRAP VEGETA,Sandwichs,5,550
6/1/17,29,ADICIONAL PANCE,Fries,3,375
6/1/17,150,BAVIERA X 1,Tapas,4,580
6/1/17,151,BAVIERA X 2,Tapas,8,2080
6/1/17,59,BRUSQUETA HONG,Apetizers,8,805
6/1/17,58,BRUSQUETAS CRUD,Apetizers,10,855
6/1/17,73,C. CALABRESA,Pizzas,1,95
6/1/17,78,C. CAPRESSE,Pizzas,3,290
6/1/17,79,C. CRUDO RUCULA,Pizzas,2,210
6/1/17,75,C. JAMON,Pizzas,1,100
6/1/17,80,C. JAMON Y MORR,Pizzas,1,100
6/1/17,77,C. MORRONES,Pizzas,1,95
6/1/17,70,C. MUZZA,Pizzas,2,160
6/1/17,74,C. ROQUEFORT,Pizzas,1,90
6/1/17,49,CHOCOTORTA,Desserts,4,300
6/1/17,50,COPA MELBA,Desserts,26,1950
6/1/17,152,COSSAB X 1,Tapas,26,3780
6/1/17,153,COSSAB X 2,Tapas,33,8990
6/1/17,226,CUAD. DE MUZZA,Apetizers,40,4050
6/1/17,188,CUADRIL COSSAB,Sandwichs,5,735
6/1/17,189,CUDRIL VIKINGO,Sandwichs,14,2050
6/1/17,23,ESPAÑOLAS PICAN,Fries,31,2645
6/1/17,173,G. CALABRESA,Pizzas,5,850
6/1/17,178,G. CAPRESSE,Pizzas,1,165
6/1/17,179,G. CRUDO Y RUCU,Pizzas,4,745
6/1/17,171,G. FUGAZZETA,Pizzas,2,335
6/1/17,180,G. JAMON Y MORR,Pizzas,10,1905
6/1/17,177,G. MORRONES,Pizzas,1,170
6/1/17,170,G. MUZZA,Pizzas,12,1800
6/1/17,172,G. NAPOLITANA,Pizzas,7,1170
6/1/17,176,G. PROVOLONE,Pizzas,3,545
6/1/17,174,G. ROQUEFORT,Pizzas,5,850
6/1/17,236,HAMB ALEMANA,Hamburgers,20,2505
6/1/17,231,HAMB ARGENTA,Hamburgers,7,880
6/1/17,238,HAMB BRASILERA,Hamburgers,22,2760
6/1/17,241,HAMB CALABAZA,Hamburgers,8,920
6/1/17,239,HAMB CHARRUA,Hamburgers,15,1885
6/1/17,230,HAMB COSSAB,Hamburgers,28,3515
6/1/17,235,HAMB FRANCESA,Hamburgers,38,4765
6/1/17,237,HAMB KANGREBURG,Hamburgers,78,9785
6/1/17,243,HAMB LENTEJAS,Hamburgers,15,1735
6/1/17,234,HAMB MEXICANA,Hamburgers,23,2875
6/1/17,233,HAMB NORMANDA,Hamburgers,24,3020
6/1/17,240,HAMB NORTEAMERI,Hamburgers,93,11665
6/1/17,244,HAMB QUINOA,Hamburgers,20,2305
6/1/17,242,HAMB SUIZA,Hamburgers,56,7040
6/1/17,232,HAMB VIKINGA,Hamburgers,74,9280
6/1/17,34,MILA DE BERENJE,Entries,6,785
6/1/17,46,NACHOS,Apetizers,32,2810
6/1/17,32,PANCHO ALEMAN,Sausages,7,905
6/1/17,31,PANCHO PORTENO,Sausages,2,220
6/1/17,24,PAPAS 4 QUESOS,Fries,83,7975
6/1/17,26,PAPAS BARBACOA,Fries,9,855
6/1/17,28,PAPAS CHEDDAR,Fries,133,12635
6/1/17,22,PAPAS FRITAS,Fries,38.6,2722
6/1/17,25,PAPAS RUSTICAS,Fries,68,6485
6/1/17,190,POLLO BELGA,Sandwichs,7,910
6/1/17,187,POLLO COSSAB,Sandwichs,9,1170
6/1/17,159,QUESOS X 1,Tapas,8,1130
6/1/17,160,QUESOS X 2,Tapas,5,1320
6/1/17,54,RABAS,Apetizers,28,5360
6/1/17,56,RABAS C/SALSAS,Apetizers,3,645
6/1/17,55,RABAS PROV,Apetizers,11,2200
6/1/17,40,SALCH ALEMANA,Sausages,16,2260
6/1/17,42,SALCH DIABLO,Sausages,29,4370
6/1/17,27,SALCHIPAPAS BEL,Fries,62,8110
6/1/17,191,SANWUCHE BERNA,Sandwichs,15,1670
6/1/17,60,SUPER MILANESA,Entries,8,1080
6/1/17,45,TABLA BRATWURST,Sausages,7,2730
6/1/17,82,TAPEO X2,Tapas,159.5,41770
6/1/17,57,TIRITAS POLL,Apetizers,40,4040
6/1/17,62,TORTILLA,Entries,9,955
6/1/17,63,TORTILLA ESP,Entries,16,1930
6/1/17,66,WRAP CARNE,Sandwichs,9,1315
6/1/17,65,WRAP POLLO,Sandwichs,18,2365
6/1/17,64,WRAP VEGETA,Sandwichs,4,440
7/1/17,29,ADICIONAL PANCE,Fries,5,675
7/1/17,150,BAVIERA X 1,Tapas,8,1200
7/1/17,151,BAVIERA X 2,Tapas,7,1960
7/1/17,59,BRUSQUETA HONG,Apetizers,3,315
7/1/17,58,BRUSQUETAS CRUD,Apetizers,7,630
7/1/17,73,C. CALABRESA,Pizzas,1,100
7/1/17,79,C. CRUDO RUCULA,Pizzas,2,220
7/1/17,75,C. JAMON,Pizzas,1,100
7/1/17,70,C. MUZZA,Pizzas,7,595
7/1/17,72,C. NAPOLITANA,Pizzas,4,400
7/1/17,76,C. PROVOLONE,Pizzas,2,210
7/1/17,74,C. ROQUEFORT,Pizzas,1,100
7/1/17,49,CHOCOTORTA,Desserts,5,375
7/1/17,50,COPA MELBA,Desserts,18,1350
7/1/17,152,COSSAB X 1,Tapas,28,4340
7/1/17,153,COSSAB X 2,Tapas,36,10440
7/1/17,226,CUAD. DE MUZZA,Apetizers,38,4180
7/1/17,188,CUADRIL COSSAB,Sandwichs,9,1395
7/1/17,189,CUDRIL VIKINGO,Sandwichs,14,2170
7/1/17,23,ESPAÑOLAS PICAN,Fries,22,1980
7/1/17,173,G. CALABRESA,Pizzas,5,900
7/1/17,178,G. CAPRESSE,Pizzas,4,720
7/1/17,179,G. CRUDO Y RUCU,Pizzas,17,3485
7/1/17,171,G. FUGAZZETA,Pizzas,2,350
7/1/17,175,G. JAMON,Pizzas,2,360
7/1/17,180,G. JAMON Y MORR,Pizzas,9,1755
7/1/17,177,G. MORRONES,Pizzas,2,390
7/1/17,170,G. MUZZA,Pizzas,16,2480
7/1/17,172,G. NAPOLITANA,Pizzas,10,1800
7/1/17,176,G. PROVOLONE,Pizzas,11,2145
7/1/17,236,HAMB ALEMANA,Hamburgers,23,2990
7/1/17,231,HAMB ARGENTA,Hamburgers,11,1430
7/1/17,238,HAMB BRASILERA,Hamburgers,13,1690
7/1/17,241,HAMB CALABAZA,Hamburgers,7,840
7/1/17,239,HAMB CHARRUA,Hamburgers,12,1560
7/1/17,230,HAMB COSSAB,Hamburgers,41,5330
7/1/17,235,HAMB FRANCESA,Hamburgers,41,5330
7/1/17,237,HAMB KANGREBURG,Hamburgers,60,7800
7/1/17,243,HAMB LENTEJAS,Hamburgers,16,1920
7/1/17,234,HAMB MEXICANA,Hamburgers,18,2340
7/1/17,233,HAMB NORMANDA,Hamburgers,15,1950
7/1/17,240,HAMB NORTEAMERI,Hamburgers,80,10400
7/1/17,244,HAMB QUINOA,Hamburgers,26,3120
7/1/17,242,HAMB SUIZA,Hamburgers,43,5590
7/1/17,232,HAMB VIKINGA,Hamburgers,75,9750
7/1/17,34,MILA DE BERENJE,Entries,8,1080
7/1/17,46,NACHOS,Apetizers,33,3135
7/1/17,32,PANCHO ALEMAN,Sausages,3,405
7/1/17,31,PANCHO PORTENO,Sausages,4,480
7/1/17,33,PANCHO YANKI,Sausages,1,145
7/1/17,24,PAPAS 4 QUESOS,Fries,62,6510
7/1/17,26,PAPAS BARBACOA,Fries,15,1500
7/1/17,28,PAPAS CHEDDAR,Fries,159,15105
7/1/17,22,PAPAS FRITAS,Fries,33,2475
7/1/17,25,PAPAS RUSTICAS,Fries,68,6800
7/1/17,190,POLLO BELGA,Sandwichs,8,1120
7/1/17,187,POLLO COSSAB,Sandwichs,7,980
7/1/17,159,QUESOS X 1,Tapas,10,1500
7/1/17,160,QUESOS X 2,Tapas,4,1120
7/1/17,54,RABAS,Apetizers,26,5200
7/1/17,56,RABAS C/SALSAS,Apetizers,5,1100
7/1/17,55,RABAS PROV,Apetizers,11,2310
7/1/17,40,SALCH ALEMANA,Sausages,17,2550
7/1/17,42,SALCH DIABLO,Sausages,33,5280
7/1/17,27,SALCHIPAPAS BEL,Fries,67,9045
7/1/17,191,SANWUCHE BERNA,Sandwichs,7,840
7/1/17,60,SUPER MILANESA,Entries,8,1160
7/1/17,45,TABLA BRATWURST,Sausages,5,2025
7/1/17,82,TAPEO X2,Tapas,163,44825
7/1/17,57,TIRITAS POLL,Apetizers,31,3410
7/1/17,62,TORTILLA,Entries,14,1610
7/1/17,63,TORTILLA ESP,Entries,17,2210
7/1/17,66,WRAP CARNE,Sandwichs,8,1200
7/1/17,65,WRAP POLLO,Sandwichs,15,2025
7/1/17,64,WRAP VEGETA,Sandwichs,8,960
8/1/17,29,ADICIONAL PANCE,Fries,3,405
8/1/17,150,BAVIERA X 1,Tapas,10,1500
8/1/17,151,BAVIERA X 2,Tapas,12,3360
8/1/17,59,BRUSQUETA HONG,Apetizers,7,735
8/1/17,58,BRUSQUETAS CRUD,Apetizers,9,810
8/1/17,79,C. CRUDO RUCULA,Pizzas,2,220
8/1/17,71,C. FUGAZZETA,Pizzas,4,380
8/1/17,75,C. JAMON,Pizzas,2,200
8/1/17,80,C. JAMON Y MORR,Pizzas,2,210
8/1/17,77,C. MORRONES,Pizzas,1,100
8/1/17,70,C. MUZZA,Pizzas,7,595
8/1/17,72,C. NAPOLITANA,Pizzas,2,200
8/1/17,49,CHOCOTORTA,Desserts,3,235
8/1/17,50,COPA MELBA,Desserts,15,1185
8/1/17,152,COSSAB X 1,Tapas,28,4340
8/1/17,153,COSSAB X 2,Tapas,26,7540
8/1/17,226,CUAD. DE MUZZA,Apetizers,24,2640
8/1/17,188,CUADRIL COSSAB,Sandwichs,6,930
8/1/17,189,CUDRIL VIKINGO,Sandwichs,10,1550
8/1/17,23,ESPAÑOLAS PICAN,Fries,8,720
8/1/17,173,G. CALABRESA,Pizzas,7,1260
8/1/17,178,G. CAPRESSE,Pizzas,2,360
8/1/17,179,G. CRUDO Y RUCU,Pizzas,5,1025
8/1/17,171,G. FUGAZZETA,Pizzas,1,175
8/1/17,175,G. JAMON,Pizzas,2,360
8/1/17,180,G. JAMON Y MORR,Pizzas,8,1560
8/1/17,177,G. MORRONES,Pizzas,2,390
8/1/17,170,G. MUZZA,Pizzas,7,1085
8/1/17,172,G. NAPOLITANA,Pizzas,2,360
8/1/17,176,G. PROVOLONE,Pizzas,4,780
8/1/17,174,G. ROQUEFORT,Pizzas,2,360
8/1/17,236,HAMB ALEMANA,Hamburgers,17,2210
8/1/17,231,HAMB ARGENTA,Hamburgers,4,520
8/1/17,238,HAMB BRASILERA,Hamburgers,13,1690
8/1/17,241,HAMB CALABAZA,Hamburgers,12,1440
8/1/17,239,HAMB CHARRUA,Hamburgers,9,1170
8/1/17,230,HAMB COSSAB,Hamburgers,21,2730
8/1/17,235,HAMB FRANCESA,Hamburgers,25,3250
8/1/17,237,HAMB KANGREBURG,Hamburgers,44,5720
8/1/17,243,HAMB LENTEJAS,Hamburgers,15,1800
8/1/17,234,HAMB MEXICANA,Hamburgers,17,2210
8/1/17,233,HAMB NORMANDA,Hamburgers,19,2470
8/1/17,240,HAMB NORTEAMERI,Hamburgers,68,8840
8/1/17,244,HAMB QUINOA,Hamburgers,25,3000
8/1/17,242,HAMB SUIZA,Hamburgers,38,4940
8/1/17,232,HAMB VIKINGA,Hamburgers,58,7540
8/1/17,34,MILA DE BERENJE,Entries,5,675
8/1/17,46,NACHOS,Apetizers,22,2090
8/1/17,31,PANCHO PORTENO,Sausages,1,120
8/1/17,33,PANCHO YANKI,Sausages,2,290
8/1/17,24,PAPAS 4 QUESOS,Fries,67,7035
8/1/17,26,PAPAS BARBACOA,Fries,14,1400
8/1/17,28,PAPAS CHEDDAR,Fries,91,8645
8/1/17,22,PAPAS FRITAS,Fries,45,3375
8/1/17,25,PAPAS RUSTICAS,Fries,47,4700
8/1/17,190,POLLO BELGA,Sandwichs,11,1540
8/1/17,187,POLLO COSSAB,Sandwichs,11,1540
8/1/17,159,QUESOS X 1,Tapas,10,1500
8/1/17,160,QUESOS X 2,Tapas,2,560
8/1/17,54,RABAS,Apetizers,18,3600
8/1/17,56,RABAS C/SALSAS,Apetizers,6,1320
8/1/17,55,RABAS PROV,Apetizers,10,2100
8/1/17,40,SALCH ALEMANA,Sausages,23,3450
8/1/17,42,SALCH DIABLO,Sausages,19,3040
8/1/17,27,SALCHIPAPAS BEL,Fries,68,9180
8/1/17,191,SANWUCHE BERNA,Sandwichs,6,720
8/1/17,60,SUPER MILANESA,Entries,9,1305
8/1/17,45,TABLA BRATWURST,Sausages,2,810
8/1/17,82,TAPEO X2,Tapas,133,36575
8/1/17,57,TIRITAS POLL,Apetizers,29,3190
8/1/17,62,TORTILLA,Entries,9,1035
8/1/17,63,TORTILLA ESP,Entries,11,1430
8/1/17,66,WRAP CARNE,Sandwichs,7,1050
8/1/17,65,WRAP POLLO,Sandwichs,22,2970
8/1/17,64,WRAP VEGETA,Sandwichs,8,960
9/1/17,29,ADICIONAL PANCE,Fries,4,560
9/1/17,150,BAVIERA X 1,Tapas,12,1845
9/1/17,151,BAVIERA X 2,Tapas,4,1150
9/1/17,90,BONDIOLA NEGRA,Entries,11,1870
9/1/17,59,BRUSQUETA HONG,Apetizers,2,220
9/1/17,58,BRUSQUETAS CRUD,Apetizers,5,475
9/1/17,78,C. CAPRESSE,Pizzas,1,100
9/1/17,79,C. CRUDO RUCULA,Pizzas,3,345
9/1/17,75,C. JAMON,Pizzas,2,205
9/1/17,80,C. JAMON Y MORR,Pizzas,3,330
9/1/17,77,C. MORRONES,Pizzas,1,105
9/1/17,70,C. MUZZA,Pizzas,5,445
9/1/17,72,C. NAPOLITANA,Pizzas,1,105
9/1/17,49,CHOCOTORTA,Desserts,2,160
9/1/17,50,COPA MELBA,Desserts,11,880
9/1/17,152,COSSAB X 1,Tapas,33,5250
9/1/17,153,COSSAB X 2,Tapas,28,8300
9/1/17,226,CUAD. DE MUZZA,Apetizers,43,4935
9/1/17,188,CUADRIL COSSAB,Sandwichs,11,1750
9/1/17,189,CUDRIL VIKINGO,Sandwichs,8,1265
9/1/17,23,ESPAÑOLAS PICAN,Fries,16,1515
9/1/17,173,G. CALABRESA,Pizzas,3,570
9/1/17,178,G. CAPRESSE,Pizzas,2,380
9/1/17,179,G. CRUDO Y RUCU,Pizzas,5,1050
9/1/17,171,G. FUGAZZETA,Pizzas,3,555
9/1/17,175,G. JAMON,Pizzas,2,370
9/1/17,180,G. JAMON Y MORR,Pizzas,9,1835
9/1/17,170,G. MUZZA,Pizzas,13,2070
9/1/17,172,G. NAPOLITANA,Pizzas,5,950
9/1/17,176,G. PROVOLONE,Pizzas,3,615
9/1/17,174,G. ROQUEFORT,Pizzas,1,180
9/1/17,236,HAMB ALEMANA,Hamburgers,26,3495
9/1/17,231,HAMB ARGENTA,Hamburgers,10,1340
9/1/17,238,HAMB BRASILERA,Hamburgers,18,2415
9/1/17,241,HAMB CALABAZA,Hamburgers,9,1115
9/1/17,239,HAMB CHARRUA,Hamburgers,10,1345
9/1/17,230,HAMB COSSAB,Hamburgers,28,3735
9/1/17,235,HAMB FRANCESA,Hamburgers,47,6275
9/1/17,237,HAMB KANGREBURG,Hamburgers,64,8605
9/1/17,243,HAMB LENTEJAS,Hamburgers,16,1970
9/1/17,234,HAMB MEXICANA,Hamburgers,29,3895
9/1/17,233,HAMB NORMANDA,Hamburgers,20,2675
9/1/17,240,HAMB NORTEAMERI,Hamburgers,92,12350
9/1/17,244,HAMB QUINOA,Hamburgers,21,2620
9/1/17,242,HAMB SUIZA,Hamburgers,51,6820
9/1/17,232,HAMB VIKINGA,Hamburgers,57,7635
9/1/17,34,MILA DE BERENJE,Entries,4,550
9/1/17,46,NACHOS,Apetizers,22,2175
9/1/17,32,PANCHO ALEMAN,Sausages,4,560
9/1/17,31,PANCHO PORTENO,Sausages,1,125
9/1/17,33,PANCHO YANKI,Sausages,5,750
9/1/17,24,PAPAS 4 QUESOS,Fries,51.5,5615
9/1/17,26,PAPAS BARBACOA,Fries,5,520
9/1/17,28,PAPAS CHEDDAR,Fries,98,9705
9/1/17,22,PAPAS FRITAS,Fries,38,3030
9/1/17,25,PAPAS RUSTICAS,Fries,53,5515
9/1/17,190,POLLO BELGA,Sandwichs,10,1440
9/1/17,187,POLLO COSSAB,Sandwichs,8,1145
9/1/17,159,QUESOS X 1,Tapas,8,1235
9/1/17,160,QUESOS X 2,Tapas,1,290
9/1/17,54,RABAS,Apetizers,19,3880
9/1/17,56,RABAS C/SALSAS,Apetizers,8,1800
9/1/17,55,RABAS PROV,Apetizers,16,3430
9/1/17,40,SALCH ALEMANA,Sausages,20,3085
9/1/17,42,SALCH DIABLO,Sausages,7,1160
9/1/17,27,SALCHIPAPAS BEL,Fries,53,7375
9/1/17,191,SANWUCHE BERNA,Sandwichs,15,1850
9/1/17,60,SUPER MILANESA,Entries,12,1795
9/1/17,45,TABLA BRATWURST,Sausages,5,2045
9/1/17,82,TAPEO X2,Tapas,158,45430
9/1/17,57,TIRITAS POLL,Apetizers,34,3880
9/1/17,62,TORTILLA,Entries,9,1065
9/1/17,63,TORTILLA ESP,Entries,17,2285
9/1/17,66,WRAP CARNE,Sandwichs,10,1545
9/1/17,65,WRAP POLLO,Sandwichs,16,2230
9/1/17,64,WRAP VEGETA,Sandwichs,6,750
10/1/17,150,BAVIERA X 1,Tapas,5,750
10/1/17,151,BAVIERA X 2,Tapas,8,2280
10/1/17,90,BONDIOLA NEGRA,Entries,11,1870
10/1/17,59,BRUSQUETA HONG,Apetizers,2,205
10/1/17,58,BRUSQUETAS CRUD,Apetizers,5,515
10/1/17,73,C. CALABRESA,Pizzas,4,420
10/1/17,78,C. CAPRESSE,Pizzas,2,195
10/1/17,79,C. CRUDO RUCULA,Pizzas,1,115
10/1/17,71,C. FUGAZZETA,Pizzas,4,400
10/1/17,75,C. JAMON,Pizzas,1,105
10/1/17,80,C. JAMON Y MORR,Pizzas,2,220
10/1/17,77,C. MORRONES,Pizzas,1,105
10/1/17,70,C. MUZZA,Pizzas,11,960
10/1/17,72,C. NAPOLITANA,Pizzas,5,525
10/1/17,76,C. PROVOLONE,Pizzas,2,220
10/1/17,49,CHOCOTORTA,Desserts,7,575
10/1/17,50,COPA MELBA,Desserts,18,1415
10/1/17,152,COSSAB X 1,Tapas,25,3940
10/1/17,153,COSSAB X 2,Tapas,34,10120
10/1/17,226,CUAD. DE MUZZA,Apetizers,37,4195
10/1/17,188,CUADRIL COSSAB,Sandwichs,9,1440
10/1/17,189,CUDRIL VIKINGO,Sandwichs,10,1585
10/1/17,23,ESPAÑOLAS PICAN,Fries,16,1510
10/1/17,173,G. CALABRESA,Pizzas,2,380
10/1/17,178,G. CAPRESSE,Pizzas,1,190
10/1/17,179,G. CRUDO Y RUCU,Pizzas,7,1470
10/1/17,171,G. FUGAZZETA,Pizzas,1,185
10/1/17,175,G. JAMON,Pizzas,2,380
10/1/17,180,G. JAMON Y MORR,Pizzas,3,615
10/1/17,177,G. MORRONES,Pizzas,2,380
10/1/17,170,G. MUZZA,Pizzas,11,1760
10/1/17,172,G. NAPOLITANA,Pizzas,8,1520
10/1/17,176,G. PROVOLONE,Pizzas,4,820
10/1/17,174,G. ROQUEFORT,Pizzas,2,380
10/1/17,236,HAMB ALEMANA,Hamburgers,20,2700
10/1/17,231,HAMB ARGENTA,Hamburgers,11,1470
10/1/17,238,HAMB BRASILERA,Hamburgers,22,2970
10/1/17,241,HAMB CALABAZA,Hamburgers,10,1250
10/1/17,239,HAMB CHARRUA,Hamburgers,11,1440
10/1/17,230,HAMB COSSAB,Hamburgers,24,3180
10/1/17,235,HAMB FRANCESA,Hamburgers,31,4125
10/1/17,237,HAMB KANGREBURG,Hamburgers,43,5760
10/1/17,243,HAMB LENTEJAS,Hamburgers,16,1970
10/1/17,234,HAMB MEXICANA,Hamburgers,19,2550
10/1/17,233,HAMB NORMANDA,Hamburgers,14,1890
10/1/17,240,HAMB NORTEAMERI,Hamburgers,72,9675
10/1/17,244,HAMB QUINOA,Hamburgers,22,2705
10/1/17,242,HAMB SUIZA,Hamburgers,38,5070
10/1/17,232,HAMB VIKINGA,Hamburgers,56,7515
10/1/17,34,MILA DE BERENJE,Entries,4,560
10/1/17,46,NACHOS,Apetizers,13,1300
10/1/17,32,PANCHO ALEMAN,Sausages,3,420
10/1/17,31,PANCHO PORTENO,Sausages,2,250
10/1/17,33,PANCHO YANKI,Sausages,3,450
10/1/17,24,PAPAS 4 QUESOS,Fries,47,5185
10/1/17,26,PAPAS BARBACOA,Fries,15,1560
10/1/17,28,PAPAS CHEDDAR,Fries,102,10215
10/1/17,22,PAPAS FRITAS,Fries,40,3170
10/1/17,25,PAPAS RUSTICAS,Fries,44,4545
10/1/17,190,POLLO BELGA,Sandwichs,8,1160
10/1/17,187,POLLO COSSAB,Sandwichs,9,1290
10/1/17,159,QUESOS X 1,Tapas,6,910
10/1/17,160,QUESOS X 2,Tapas,7,1990
10/1/17,54,RABAS,Apetizers,17.6,3618
10/1/17,56,RABAS C/SALSAS,Apetizers,7,1565
10/1/17,55,RABAS PROV,Apetizers,15,3240
10/1/17,40,SALCH ALEMANA,Sausages,20,3100
10/1/17,42,SALCH DIABLO,Sausages,15,2550
10/1/17,27,SALCHIPAPAS BEL,Fries,66.7,9437.5
10/1/17,191,SANWUCHE BERNA,Sandwichs,12,1500
10/1/17,60,SUPER MILANESA,Entries,9,1300
10/1/17,61,SUPREMA FUGAZE,Entries,1,275
10/1/17,45,TABLA BRATWURST,Sausages,5,2050
10/1/17,82,TAPEO X2,Tapas,154,44100
10/1/17,57,TIRITAS POLL,Apetizers,34,3970
10/1/17,62,TORTILLA,Entries,11,1320
10/1/17,63,TORTILLA ESP,Entries,13,1735
10/1/17,66,WRAP CARNE,Sandwichs,12,1860
10/1/17,65,WRAP POLLO,Sandwichs,12,1680
10/1/17,64,WRAP VEGETA,Sandwichs,10,1250
11/1/17,150,BAVIERA X 1,Tapas,7,1085
11/1/17,151,BAVIERA X 2,Tapas,6,1740
11/1/17,90,BONDIOLA NEGRA,Entries,17,2890
11/1/17,59,BRUSQUETA HONG,Apetizers,4,580
11/1/17,58,BRUSQUETAS CRUD,Apetizers,4,460
11/1/17,78,C. CAPRESSE,Pizzas,3,315
11/1/17,79,C. CRUDO RUCULA,Pizzas,1,115
11/1/17,71,C. FUGAZZETA,Pizzas,1,100
11/1/17,75,C. JAMON,Pizzas,2,210
11/1/17,80,C. JAMON Y MORR,Pizzas,3,330
11/1/17,70,C. MUZZA,Pizzas,10,900
11/1/17,72,C. NAPOLITANA,Pizzas,7,735
11/1/17,76,C. PROVOLONE,Pizzas,1,110
11/1/17,74,C. ROQUEFORT,Pizzas,3,315
11/1/17,49,CHOCOTORTA,Desserts,12,1020
11/1/17,50,COPA MELBA,Desserts,14,1120
11/1/17,152,COSSAB X 1,Tapas,25,4000
11/1/17,153,COSSAB X 2,Tapas,39,11700
11/1/17,226,CUAD. DE MUZZA,Apetizers,40,4600
11/1/17,188,CUADRIL COSSAB,Sandwichs,4,640
11/1/17,189,CUDRIL VIKINGO,Sandwichs,11,1760
11/1/17,23,ESPAÑOLAS PICAN,Fries,23,2185
11/1/17,173,G. CALABRESA,Pizzas,3,570
11/1/17,179,G. CRUDO Y RUCU,Pizzas,8,1680
11/1/17,171,G. FUGAZZETA,Pizzas,3,555
11/1/17,175,G. JAMON,Pizzas,4,760
11/1/17,180,G. JAMON Y MORR,Pizzas,12,2460
11/1/17,177,G. MORRONES,Pizzas,3,570
11/1/17,170,G. MUZZA,Pizzas,15,2400
11/1/17,172,G. NAPOLITANA,Pizzas,9,1710
11/1/17,176,G. PROVOLONE,Pizzas,3,615
11/1/17,174,G. ROQUEFORT,Pizzas,4,760
11/1/17,236,HAMB ALEMANA,Hamburgers,33,4455
11/1/17,231,HAMB ARGENTA,Hamburgers,10,1350
11/1/17,238,HAMB BRASILERA,Hamburgers,25,3375
11/1/17,241,HAMB CALABAZA,Hamburgers,9,1125
11/1/17,239,HAMB CHARRUA,Hamburgers,12,1620
11/1/17,230,HAMB COSSAB,Hamburgers,27,3645
11/1/17,235,HAMB FRANCESA,Hamburgers,37,4995
11/1/17,237,HAMB KANGREBURG,Hamburgers,82,11070
11/1/17,243,HAMB LENTEJAS,Hamburgers,12,1500
11/1/17,234,HAMB MEXICANA,Hamburgers,31,4185
11/1/17,233,HAMB NORMANDA,Hamburgers,13,1755
11/1/17,240,HAMB NORTEAMERI,Hamburgers,99,13365
11/1/17,244,HAMB QUINOA,Hamburgers,39,4875
11/1/17,242,HAMB SUIZA,Hamburgers,67,9045
11/1/17,232,HAMB VIKINGA,Hamburgers,76,10260
11/1/17,34,MILA DE BERENJE,Entries,17,2380
11/1/17,46,NACHOS,Apetizers,21,2100
11/1/17,32,PANCHO ALEMAN,Sausages,3,420
11/1/17,31,PANCHO PORTENO,Sausages,2,250
11/1/17,33,PANCHO YANKI,Sausages,4,600
11/1/17,24,PAPAS 4 QUESOS,Fries,47,5405
11/1/17,26,PAPAS BARBACOA,Fries,16,1680
11/1/17,28,PAPAS CHEDDAR,Fries,122,12810
11/1/17,22,PAPAS FRITAS,Fries,67,5360
11/1/17,25,PAPAS RUSTICAS,Fries,63,6615
11/1/17,190,POLLO BELGA,Sandwichs,14,2030
11/1/17,187,POLLO COSSAB,Sandwichs,12,1740
11/1/17,159,QUESOS X 1,Tapas,10,1550
11/1/17,160,QUESOS X 2,Tapas,2,580
11/1/17,54,RABAS,Apetizers,26,5460
11/1/17,56,RABAS C/SALSAS,Apetizers,3,690
11/1/17,55,RABAS PROV,Apetizers,14,3080
11/1/17,40,SALCH ALEMANA,Sausages,18,2790
11/1/17,42,SALCH DIABLO,Sausages,19,3230
11/1/17,27,SALCHIPAPAS BEL,Fries,66,9900
11/1/17,191,SANWUCHE BERNA,Sandwichs,14,1750
11/1/17,60,SUPER MILANESA,Entries,6,900
11/1/17,45,TABLA BRATWURST,Sausages,10,4100
11/1/17,82,TAPEO X2,Tapas,145,42050
11/1/17,57,TIRITAS POLL,Apetizers,46,5520
11/1/17,62,TORTILLA,Entries,11,1320
11/1/17,63,TORTILLA ESP,Entries,12,1620
11/1/17,66,WRAP CARNE,Sandwichs,10,1550
11/1/17,65,WRAP POLLO,Sandwichs,20,2800
11/1/17,64,WRAP VEGETA,Sandwichs,11,1375
12/1/17,29,ADICIONAL PANCE,Fries,2,280
12/1/17,150,BAVIERA X 1,Tapas,12,1860
12/1/17,151,BAVIERA X 2,Tapas,13,3770
12/1/17,90,BONDIOLA NEGRA,Entries,14,2380
12/1/17,59,BRUSQUETA HONG,Apetizers,6,870
12/1/17,58,BRUSQUETAS CRUD,Apetizers,4,460
12/1/17,73,C. CALABRESA,Pizzas,4,420
12/1/17,78,C. CAPRESSE,Pizzas,1,105
12/1/17,75,C. JAMON,Pizzas,1,105
12/1/17,80,C. JAMON Y MORR,Pizzas,1,110
12/1/17,70,C. MUZZA,Pizzas,12,1080
12/1/17,72,C. NAPOLITANA,Pizzas,2,210
12/1/17,76,C. PROVOLONE,Pizzas,3,330
12/1/17,74,C. ROQUEFORT,Pizzas,1,105
12/1/17,49,CHOCOTORTA,Desserts,7,595
12/1/17,50,COPA MELBA,Desserts,10,800
12/1/17,152,COSSAB X 1,Tapas,47,7520
12/1/17,153,COSSAB X 2,Tapas,58,17400
12/1/17,226,CUAD. DE MUZZA,Apetizers,60,6900
12/1/17,188,CUADRIL COSSAB,Sandwichs,11,1760
12/1/17,189,CUDRIL VIKINGO,Sandwichs,9,1440
12/1/17,23,ESPAÑOLAS PICAN,Fries,19,1805
12/1/17,173,G. CALABRESA,Pizzas,2,380
12/1/17,178,G. CAPRESSE,Pizzas,6,1140
12/1/17,179,G. CRUDO Y RUCU,Pizzas,11,2310
12/1/17,171,G. FUGAZZETA,Pizzas,4,740
12/1/17,175,G. JAMON,Pizzas,5,950
12/1/17,180,G. JAMON Y MORR,Pizzas,5,1025
12/1/17,177,G. MORRONES,Pizzas,4,760
12/1/17,170,G. MUZZA,Pizzas,15,2400
12/1/17,172,G. NAPOLITANA,Pizzas,7,1330
12/1/17,176,G. PROVOLONE,Pizzas,1,205
12/1/17,174,G. ROQUEFORT,Pizzas,1,190
12/1/17,236,HAMB ALEMANA,Hamburgers,16,2160
12/1/17,231,HAMB ARGENTA,Hamburgers,17,2295
12/1/17,238,HAMB BRASILERA,Hamburgers,29,3915
12/1/17,241,HAMB CALABAZA,Hamburgers,15,1875
12/1/17,239,HAMB CHARRUA,Hamburgers,19,2565
12/1/17,230,HAMB COSSAB,Hamburgers,24,3240
12/1/17,235,HAMB FRANCESA,Hamburgers,36,4860
12/1/17,237,HAMB KANGREBURG,Hamburgers,60,8100
12/1/17,243,HAMB LENTEJAS,Hamburgers,10,1250
12/1/17,234,HAMB MEXICANA,Hamburgers,43,5805
12/1/17,233,HAMB NORMANDA,Hamburgers,22,2970
12/1/17,240,HAMB NORTEAMERI,Hamburgers,127,17145
12/1/17,244,HAMB QUINOA,Hamburgers,50,6250
12/1/17,242,HAMB SUIZA,Hamburgers,62,8370
12/1/17,232,HAMB VIKINGA,Hamburgers,70,9450
12/1/17,34,MILA DE BERENJE,Entries,8,1120
12/1/17,46,NACHOS,Apetizers,24,2400
12/1/17,32,PANCHO ALEMAN,Sausages,3,420
12/1/17,31,PANCHO PORTENO,Sausages,4,500
12/1/17,33,PANCHO YANKI,Sausages,1,150
12/1/17,24,PAPAS 4 QUESOS,Fries,73,8395
12/1/17,26,PAPAS BARBACOA,Fries,17,1785
12/1/17,28,PAPAS CHEDDAR,Fries,162,17010
12/1/17,22,PAPAS FRITAS,Fries,67.5,5400
12/1/17,25,PAPAS RUSTICAS,Fries,57,5985
12/1/17,190,POLLO BELGA,Sandwichs,7,1015
12/1/17,187,POLLO COSSAB,Sandwichs,10,1450
12/1/17,159,QUESOS X 1,Tapas,10,1550
12/1/17,160,QUESOS X 2,Tapas,7,2030
12/1/17,54,RABAS,Apetizers,29,6090
12/1/17,56,RABAS C/SALSAS,Apetizers,4,920
12/1/17,55,RABAS PROV,Apetizers,14,3080
12/1/17,40,SALCH ALEMANA,Sausages,27,4185
12/1/17,42,SALCH DIABLO,Sausages,15,2550
12/1/17,27,SALCHIPAPAS BEL,Fries,87.6,13140
12/1/17,191,SANWUCHE BERNA,Sandwichs,11,1375
12/1/17,60,SUPER MILANESA,Entries,12,1800
12/1/17,45,TABLA BRATWURST,Sausages,11,4510
12/1/17,82,TAPEO X2,Tapas,177,51330
12/1/17,57,TIRITAS POLL,Apetizers,47,5640
12/1/17,62,TORTILLA,Entries,11,1320
12/1/17,63,TORTILLA ESP,Entries,20,2700
12/1/17,66,WRAP CARNE,Sandwichs,4,620
12/1/17,65,WRAP POLLO,Sandwichs,27,3780
12/1/17,64,WRAP VEGETA,Sandwichs,14,1750
1/1/18,29,ADICIONAL PANCE,Fries,1,140
1/1/18,150,BAVIERA X 1,Tapas,8,1290
1/1/18,151,BAVIERA X 2,Tapas,10,2970
1/1/18,90,BONDIOLA NEGRA,Entries,15,2605
1/1/18,59,BRUSQUETA HONG,Apetizers,7,1050
1/1/18,58,BRUSQUETAS CRUD,Apetizers,10,1195
1/1/18,78,C. CAPRESSE,Pizzas,1,110
1/1/18,79,C. CRUDO RUCULA,Pizzas,2,240
1/1/18,75,C. JAMON,Pizzas,1,110
1/1/18,80,C. JAMON Y MORR,Pizzas,1,115
1/1/18,70,C. MUZZA,Pizzas,15,1415
1/1/18,72,C. NAPOLITANA,Pizzas,5,550
1/1/18,76,C. PROVOLONE,Pizzas,3,345
1/1/18,49,CHOCOTORTA,Desserts,12,1020
1/1/18,50,COPA MELBA,Desserts,16,1280
1/1/18,152,COSSAB X 1,Tapas,40,6585
1/1/18,153,COSSAB X 2,Tapas,31,9600
1/1/18,226,CUAD. DE MUZZA,Apetizers,42,5015
1/1/18,188,CUADRIL COSSAB,Sandwichs,9,1485
1/1/18,189,CUDRIL VIKINGO,Sandwichs,7,1155
1/1/18,23,ESPAÑOLAS PICAN,Fries,20,1985
1/1/18,173,G. CALABRESA,Pizzas,1,210
1/1/18,178,G. CAPRESSE,Pizzas,3,600
1/1/18,179,G. CRUDO Y RUCU,Pizzas,17,3740
1/1/18,171,G. FUGAZZETA,Pizzas,1,195
1/1/18,175,G. JAMON,Pizzas,4,780
1/1/18,180,G. JAMON Y MORR,Pizzas,4,860
1/1/18,177,G. MORRONES,Pizzas,1,200
1/1/18,170,G. MUZZA,Pizzas,17,2810
1/1/18,172,G. NAPOLITANA,Pizzas,2,400
1/1/18,176,G. PROVOLONE,Pizzas,7,1495
1/1/18,236,HAMB ALEMANA,Hamburgers,20,2765
1/1/18,231,HAMB ARGENTA,Hamburgers,18,2500
1/1/18,238,HAMB BRASILERA,Hamburgers,17,2370
1/1/18,241,HAMB CALABAZA,Hamburgers,7,905
1/1/18,239,HAMB CHARRUA,Hamburgers,18,2520
1/1/18,230,HAMB COSSAB,Hamburgers,13,1815
1/1/18,235,HAMB FRANCESA,Hamburgers,33,4615
1/1/18,237,HAMB KANGREBURG,Hamburgers,60,8375
1/1/18,243,HAMB LENTEJAS,Hamburgers,11,1420
1/1/18,234,HAMB MEXICANA,Hamburgers,22,3060
1/1/18,233,HAMB NORMANDA,Hamburgers,17,2365
1/1/18,240,HAMB NORTEAMERI,Hamburgers,86,11980
1/1/18,244,HAMB QUINOA,Hamburgers,24,3100
1/1/18,242,HAMB SUIZA,Hamburgers,57,7955
1/1/18,232,HAMB VIKINGA,Hamburgers,71,9890
1/1/18,34,MILA DE BERENJE,Entries,9,1305
1/1/18,46,NACHOS,Apetizers,24,2590
1/1/18,32,PANCHO ALEMAN,Sausages,3,435
1/1/18,31,PANCHO PORTENO,Sausages,7,905
1/1/18,24,PAPAS 4 QUESOS,Fries,74,8820
1/1/18,26,PAPAS BARBACOA,Fries,8,865
1/1/18,28,PAPAS CHEDDAR,Fries,132,14385
1/1/18,22,PAPAS FRITAS,Fries,58,4890
1/1/18,25,PAPAS RUSTICAS,Fries,47,5500
1/1/18,190,POLLO BELGA,Sandwichs,12,1800
1/1/18,187,POLLO COSSAB,Sandwichs,15,2255
1/1/18,159,QUESOS X 1,Tapas,9,1435
1/1/18,160,QUESOS X 2,Tapas,2,600
1/1/18,54,RABAS,Apetizers,41,9030
1/1/18,56,RABAS C/SALSAS,Apetizers,5,1180
1/1/18,55,RABAS PROV,Apetizers,13,2970
1/1/18,40,SALCH ALEMANA,Sausages,15,2375
1/1/18,42,SALCH DIABLO,Sausages,11,1925
1/1/18,27,SALCHIPAPAS BEL,Fries,66,10210
1/1/18,191,SANWUCHE BERNA,Sandwichs,8,1035
1/1/18,60,SUPER MILANESA,Entries,7,1085
1/1/18,45,TABLA BRATWURST,Sausages,9,3825
1/1/18,82,TAPEO X2,Tapas,130,38905
1/1/18,57,TIRITAS POLL,Apetizers,44,5460
1/1/18,62,TORTILLA,Entries,10,1240
1/1/18,63,TORTILLA ESP,Entries,35,4890
1/1/18,66,WRAP CARNE,Sandwichs,11,1760
1/1/18,65,WRAP POLLO,Sandwichs,19,2750
1/1/18,64,WRAP VEGETA,Sandwichs,18,2345
2/1/18,29,ADICIONAL PANCE,Fries,1,150
2/1/18,150,BAVIERA X 1,Tapas,10,1700
2/1/18,151,BAVIERA X 2,Tapas,6,1920
2/1/18,90,BONDIOLA NEGRA,Entries,15,2765
2/1/18,59,BRUSQUETA HONG,Apetizers,11,1375
2/1/18,58,BRUSQUETAS CRUD,Apetizers,9,1125
2/1/18,73,C. CALABRESA,Pizzas,2,230
2/1/18,78,C. CAPRESSE,Pizzas,1,115
2/1/18,79,C. CRUDO RUCULA,Pizzas,4,500
2/1/18,75,C. JAMON,Pizzas,1,115
2/1/18,80,C. JAMON Y MORR,Pizzas,1,125
2/1/18,77,C. MORRONES,Pizzas,1,115
2/1/18,70,C. MUZZA,Pizzas,7,695
2/1/18,72,C. NAPOLITANA,Pizzas,5,575
2/1/18,76,C. PROVOLONE,Pizzas,1,120
2/1/18,49,CHOCOTORTA,Desserts,12,1080
2/1/18,50,COPA MELBA,Desserts,18,1610
2/1/18,152,COSSAB X 1,Tapas,26,4550
2/1/18,153,COSSAB X 2,Tapas,29,9570
2/1/18,226,CUAD. DE MUZZA,Apetizers,55,6860
2/1/18,188,CUADRIL COSSAB,Sandwichs,5,875
2/1/18,189,CUDRIL VIKINGO,Sandwichs,18,3150
2/1/18,23,ESPAÑOLAS PICAN,Fries,13,1360
2/1/18,173,G. CALABRESA,Pizzas,3,630
2/1/18,178,G. CAPRESSE,Pizzas,4,840
2/1/18,179,G. CRUDO Y RUCU,Pizzas,11,2530
2/1/18,171,G. FUGAZZETA,Pizzas,2,410
2/1/18,180,G. JAMON Y MORR,Pizzas,7,1610
2/1/18,170,G. MUZZA,Pizzas,8,1440
2/1/18,172,G. NAPOLITANA,Pizzas,8,1680
2/1/18,176,G. PROVOLONE,Pizzas,3,660
2/1/18,174,G. ROQUEFORT,Pizzas,1,210
2/1/18,236,HAMB ALEMANA,Hamburgers,19,2755
2/1/18,231,HAMB ARGENTA,Hamburgers,12,1740
2/1/18,238,HAMB BRASILERA,Hamburgers,29,4200
2/1/18,241,HAMB CALABAZA,Hamburgers,18,2430
2/1/18,239,HAMB CHARRUA,Hamburgers,15,2170
2/1/18,230,HAMB COSSAB,Hamburgers,22,3190
2/1/18,235,HAMB FRANCESA,Hamburgers,39,5655
2/1/18,237,HAMB KANGREBURG,Hamburgers,50,7250
2/1/18,243,HAMB LENTEJAS,Hamburgers,7,945
2/1/18,234,HAMB MEXICANA,Hamburgers,33,4785
2/1/18,233,HAMB NORMANDA,Hamburgers,14,2030
2/1/18,240,HAMB NORTEAMERI,Hamburgers,68,9850
2/1/18,244,HAMB QUINOA,Hamburgers,32,4315
2/1/18,242,HAMB SUIZA,Hamburgers,64,9275
2/1/18,232,HAMB VIKINGA,Hamburgers,60,8695
2/1/18,34,MILA DE BERENJE,Entries,16,2480
2/1/18,46,NACHOS,Apetizers,18,2060
2/1/18,32,PANCHO ALEMAN,Sausages,1,155
2/1/18,31,PANCHO PORTENO,Sausages,4,560
2/1/18,33,PANCHO YANKI,Sausages,2,330
2/1/18,24,PAPAS 4 QUESOS,Fries,52,6495
2/1/18,26,PAPAS BARBACOA,Fries,12,1375
2/1/18,28,PAPAS CHEDDAR,Fries,109,12510
2/1/18,22,PAPAS FRITAS,Fries,46,4140
2/1/18,25,PAPAS RUSTICAS,Fries,42,5250
2/1/18,190,POLLO BELGA,Sandwichs,4,640
2/1/18,187,POLLO COSSAB,Sandwichs,10,1600
2/1/18,159,QUESOS X 1,Tapas,10,1700
2/1/18,160,QUESOS X 2,Tapas,1,320
2/1/18,54,RABAS,Apetizers,29,6940
2/1/18,56,RABAS C/SALSAS,Apetizers,5,1250
2/1/18,55,RABAS PROV,Apetizers,11,2750
2/1/18,40,SALCH ALEMANA,Sausages,19,3220
2/1/18,42,SALCH DIABLO,Sausages,13,2395
2/1/18,27,SALCHIPAPAS BEL,Fries,49,7835
2/1/18,191,SANWUCHE BERNA,Sandwichs,15,2100
2/1/18,60,SUPER MILANESA,Entries,13,2115
2/1/18,45,TABLA BRATWURST,Sausages,5,2125
2/1/18,82,TAPEO X2,Tapas,137,43065
2/1/18,57,TIRITAS POLL,Apetizers,40,5200
2/1/18,62,TORTILLA,Entries,11,1485
2/1/18,63,TORTILLA ESP,Entries,16,2380
2/1/18,66,WRAP CARNE,Sandwichs,6,1020
2/1/18,65,WRAP POLLO,Sandwichs,23,3565
2/1/18,64,WRAP VEGETA,Sandwichs,3,420
3/1/18,29,ADICIONAL PANCE,Fries,2,300
3/1/18,150,BAVIERA X 1,Tapas,13,2210
3/1/18,151,BAVIERA X 2,Tapas,4,1280
3/1/18,90,BONDIOLA NEGRA,Entries,20,3700
3/1/18,59,BRUSQUETA HONG,Apetizers,7,875
3/1/18,58,BRUSQUETAS CRUD,Apetizers,7,875
3/1/18,78,C. CAPRESSE,Pizzas,2,230
3/1/18,79,C. CRUDO RUCULA,Pizzas,2,250
3/1/18,71,C. FUGAZZETA,Pizzas,2,220
3/1/18,70,C. MUZZA,Pizzas,6,600
3/1/18,72,C. NAPOLITANA,Pizzas,3,345
3/1/18,76,C. PROVOLONE,Pizzas,2,240
3/1/18,74,C. ROQUEFORT,Pizzas,1,115
3/1/18,49,CHOCOTORTA,Desserts,9,850
3/1/18,50,COPA MELBA,Desserts,5,450
3/1/18,152,COSSAB X 1,Tapas,22,3850
3/1/18,153,COSSAB X 2,Tapas,28,9240
3/1/18,226,CUAD. DE MUZZA,Apetizers,46,5750
3/1/18,188,CUADRIL COSSAB,Sandwichs,7,1225
3/1/18,189,CUDRIL VIKINGO,Sandwichs,17,2975
3/1/18,23,ESPAÑOLAS PICAN,Fries,12,1260
3/1/18,178,G. CAPRESSE,Pizzas,2,420
3/1/18,179,G. CRUDO Y RUCU,Pizzas,12,2760
3/1/18,175,G. JAMON,Pizzas,1,210
3/1/18,180,G. JAMON Y MORR,Pizzas,5,1150
3/1/18,177,G. MORRONES,Pizzas,2,420
3/1/18,170,G. MUZZA,Pizzas,17,3060
3/1/18,172,G. NAPOLITANA,Pizzas,2,420
3/1/18,176,G. PROVOLONE,Pizzas,2,440
3/1/18,174,G. ROQUEFORT,Pizzas,2,420
3/1/18,236,HAMB ALEMANA,Hamburgers,25,3625
3/1/18,231,HAMB ARGENTA,Hamburgers,11,1595
3/1/18,238,HAMB BRASILERA,Hamburgers,21,3045
3/1/18,241,HAMB CALABAZA,Hamburgers,18,2430
3/1/18,239,HAMB CHARRUA,Hamburgers,14,2030
3/1/18,230,HAMB COSSAB,Hamburgers,28,4060
3/1/18,235,HAMB FRANCESA,Hamburgers,33,4785
3/1/18,237,HAMB KANGREBURG,Hamburgers,58,8410
3/1/18,243,HAMB LENTEJAS,Hamburgers,13,1755
3/1/18,234,HAMB MEXICANA,Hamburgers,27,3915
3/1/18,233,HAMB NORMANDA,Hamburgers,25,3625
3/1/18,240,HAMB NORTEAMERI,Hamburgers,99,14355
3/1/18,244,HAMB QUINOA,Hamburgers,18,2430
3/1/18,242,HAMB SUIZA,Hamburgers,59,8555
3/1/18,232,HAMB VIKINGA,Hamburgers,63,9135
3/1/18,34,MILA DE BERENJE,Entries,11,1705
3/1/18,46,NACHOS,Apetizers,21,2415
3/1/18,32,PANCHO ALEMAN,Sausages,5,925
3/1/18,31,PANCHO PORTENO,Sausages,7,1430
3/1/18,24,PAPAS 4 QUESOS,Fries,49,6125
3/1/18,26,PAPAS BARBACOA,Fries,7,805
3/1/18,28,PAPAS CHEDDAR,Fries,109,12535
3/1/18,22,PAPAS FRITAS,Fries,44,3960
3/1/18,25,PAPAS RUSTICAS,Fries,53,6625
3/1/18,190,POLLO BELGA,Sandwichs,10,1600
3/1/18,187,POLLO COSSAB,Sandwichs,13,2080
3/1/18,159,QUESOS X 1,Tapas,20,3400
3/1/18,160,QUESOS X 2,Tapas,5,1600
3/1/18,54,RABAS,Apetizers,35,8400
3/1/18,56,RABAS C/SALSAS,Apetizers,3,750
3/1/18,55,RABAS PROV,Apetizers,8,2000
3/1/18,40,SALCH ALEMANA,Sausages,24,4080
3/1/18,42,SALCH DIABLO,Sausages,16,2960
3/1/18,27,SALCHIPAPAS BEL,Fries,66,10560
3/1/18,191,SANWUCHE BERNA,Sandwichs,16,2240
3/1/18,60,SUPER MILANESA,Entries,18,2970
3/1/18,45,TABLA BRATWURST,Sausages,12,5100
3/1/18,82,TAPEO X2,Tapas,171,53865
3/1/18,57,TIRITAS POLL,Apetizers,30,3900
3/1/18,62,TORTILLA,Entries,7,945
3/1/18,63,TORTILLA ESP,Entries,14,2100
3/1/18,66,WRAP CARNE,Sandwichs,10,1700
3/1/18,65,WRAP POLLO,Sandwichs,32,4960
3/1/18,64,WRAP VEGETA,Sandwichs,9,1260
4/1/18,29,ADICIONAL PANCE,Fries,3,450
4/1/18,150,BAVIERA X 1,Tapas,8,1360
4/1/18,151,BAVIERA X 2,Tapas,7,2240
4/1/18,90,BONDIOLA NEGRA,Entries,18,3330
4/1/18,59,BRUSQUETA HONG,Apetizers,7,875
4/1/18,58,BRUSQUETAS CRUD,Apetizers,7,875
4/1/18,73,C. CALABRESA,Pizzas,3,345
4/1/18,78,C. CAPRESSE,Pizzas,1,115
4/1/18,79,C. CRUDO RUCULA,Pizzas,4,500
4/1/18,75,C. JAMON,Pizzas,2,230
4/1/18,80,C. JAMON Y MORR,Pizzas,1,125
4/1/18,70,C. MUZZA,Pizzas,2,200
4/1/18,72,C. NAPOLITANA,Pizzas,4,460
4/1/18,76,C. PROVOLONE,Pizzas,1,120
4/1/18,74,C. ROQUEFORT,Pizzas,1,115
4/1/18,49,CHOCOTORTA,Desserts,3,300
4/1/18,50,COPA MELBA,Desserts,7,630
4/1/18,152,COSSAB X 1,Tapas,13,2275
4/1/18,153,COSSAB X 2,Tapas,17,5610
4/1/18,226,CUAD. DE MUZZA,Apetizers,35,4375
4/1/18,188,CUADRIL COSSAB,Sandwichs,5,875
4/1/18,189,CUDRIL VIKINGO,Sandwichs,9,1575
4/1/18,23,ESPAÑOLAS PICAN,Fries,16,1680
4/1/18,173,G. CALABRESA,Pizzas,1,210
4/1/18,178,G. CAPRESSE,Pizzas,4,840
4/1/18,179,G. CRUDO Y RUCU,Pizzas,6,1380
4/1/18,171,G. FUGAZZETA,Pizzas,1,205
4/1/18,175,G. JAMON,Pizzas,2,420
4/1/18,180,G. JAMON Y MORR,Pizzas,6,1380
4/1/18,177,G. MORRONES,Pizzas,2,420
4/1/18,170,G. MUZZA,Pizzas,4,720
4/1/18,172,G. NAPOLITANA,Pizzas,4,840
4/1/18,176,G. PROVOLONE,Pizzas,4,880
4/1/18,174,G. ROQUEFORT,Pizzas,2,420
4/1/18,236,HAMB ALEMANA,Hamburgers,19,2755
4/1/18,231,HAMB ARGENTA,Hamburgers,7,1015
4/1/18,238,HAMB BRASILERA,Hamburgers,29,4205
4/1/18,241,HAMB CALABAZA,Hamburgers,12,1620
4/1/18,239,HAMB CHARRUA,Hamburgers,12,1740
4/1/18,230,HAMB COSSAB,Hamburgers,25,3625
4/1/18,235,HAMB FRANCESA,Hamburgers,30,4350
4/1/18,237,HAMB KANGREBURG,Hamburgers,59,8555
4/1/18,243,HAMB LENTEJAS,Hamburgers,15,2025
4/1/18,234,HAMB MEXICANA,Hamburgers,21,3045
4/1/18,233,HAMB NORMANDA,Hamburgers,22,3190
4/1/18,240,HAMB NORTEAMERI,Hamburgers,96,13920
4/1/18,244,HAMB QUINOA,Hamburgers,19,2565
4/1/18,242,HAMB SUIZA,Hamburgers,59,8555
4/1/18,232,HAMB VIKINGA,Hamburgers,62,8990
4/1/18,34,MILA DE BERENJE,Entries,9,1395
4/1/18,46,NACHOS,Apetizers,20,2300
4/1/18,32,PANCHO ALEMAN,Sausages,1,230
4/1/18,31,PANCHO PORTENO,Sausages,7,1610
4/1/18,24,PAPAS 4 QUESOS,Fries,39,4875
4/1/18,26,PAPAS BARBACOA,Fries,9,1035
4/1/18,28,PAPAS CHEDDAR,Fries,110.6,12719
4/1/18,22,PAPAS FRITAS,Fries,45,4050
4/1/18,25,PAPAS RUSTICAS,Fries,37,4625
4/1/18,190,POLLO BELGA,Sandwichs,5,800
4/1/18,187,POLLO COSSAB,Sandwichs,3,480
4/1/18,159,QUESOS X 1,Tapas,4,680
4/1/18,160,QUESOS X 2,Tapas,1,320
4/1/18,54,RABAS,Apetizers,32,7680
4/1/18,56,RABAS C/SALSAS,Apetizers,11,2750
4/1/18,55,RABAS PROV,Apetizers,6,1500
4/1/18,40,SALCH ALEMANA,Sausages,14,2380
4/1/18,42,SALCH DIABLO,Sausages,17,3145
4/1/18,27,SALCHIPAPAS BEL,Fries,48,7680
4/1/18,191,SANWUCHE BERNA,Sandwichs,13,1820
4/1/18,60,SUPER MILANESA,Entries,12,1980
4/1/18,45,TABLA BRATWURST,Sausages,10,4250
4/1/18,82,TAPEO X2,Tapas,122,38430
4/1/18,57,TIRITAS POLL,Apetizers,16,2080
4/1/18,62,TORTILLA,Entries,6,810
4/1/18,63,TORTILLA ESP,Entries,17,2550
4/1/18,66,WRAP CARNE,Sandwichs,9,1530
4/1/18,65,WRAP POLLO,Sandwichs,21,3255
4/1/18,64,WRAP VEGETA,Sandwichs,6,840
5/1/18,29,ADICIONAL PANCE,Fries,2,300
5/1/18,150,BAVIERA X 1,Tapas,6,1020
5/1/18,151,BAVIERA X 2,Tapas,4,1280
5/1/18,90,BONDIOLA NEGRA,Entries,27,4995
5/1/18,59,BRUSQUETA HONG,Apetizers,9,1125
5/1/18,58,BRUSQUETAS CRUD,Apetizers,9,1125
5/1/18,78,C. CAPRESSE,Pizzas,1,115
5/1/18,79,C. CRUDO RUCULA,Pizzas,3,375
5/1/18,71,C. FUGAZZETA,Pizzas,2,220
5/1/18,80,C. JAMON Y MORR,Pizzas,1,125
5/1/18,77,C. MORRONES,Pizzas,1,115
5/1/18,70,C. MUZZA,Pizzas,2,200
5/1/18,74,C. ROQUEFORT,Pizzas,2,230
5/1/18,49,CHOCOTORTA,Desserts,5,500
5/1/18,50,COPA MELBA,Desserts,10,900
5/1/18,152,COSSAB X 1,Tapas,14,2450
5/1/18,153,COSSAB X 2,Tapas,17,5610
5/1/18,226,CUAD. DE MUZZA,Apetizers,42,5250
5/1/18,188,CUADRIL COSSAB,Sandwichs,9,1575
5/1/18,189,CUDRIL VIKINGO,Sandwichs,9,1575
5/1/18,23,ESPAÑOLAS PICAN,Fries,17,1785
5/1/18,173,G. CALABRESA,Pizzas,1,210
5/1/18,178,G. CAPRESSE,Pizzas,10,2100
5/1/18,179,G. CRUDO Y RUCU,Pizzas,6,1380
5/1/18,171,G. FUGAZZETA,Pizzas,1,205
5/1/18,175,G. JAMON,Pizzas,2,420
5/1/18,180,G. JAMON Y MORR,Pizzas,9,2070
5/1/18,177,G. MORRONES,Pizzas,2,420
5/1/18,170,G. MUZZA,Pizzas,5,900
5/1/18,172,G. NAPOLITANA,Pizzas,3,630
5/1/18,176,G. PROVOLONE,Pizzas,3,660
5/1/18,236,HAMB ALEMANA,Hamburgers,19,2755
5/1/18,231,HAMB ARGENTA,Hamburgers,11,1595
5/1/18,238,HAMB BRASILERA,Hamburgers,16,2320
5/1/18,241,HAMB CALABAZA,Hamburgers,4,540
5/1/18,239,HAMB CHARRUA,Hamburgers,10,1450
5/1/18,230,HAMB COSSAB,Hamburgers,18,2610
5/1/18,235,HAMB FRANCESA,Hamburgers,48,6960
5/1/18,237,HAMB KANGREBURG,Hamburgers,61,8845
5/1/18,243,HAMB LENTEJAS,Hamburgers,12,1620
5/1/18,234,HAMB MEXICANA,Hamburgers,25,3625
5/1/18,233,HAMB NORMANDA,Hamburgers,14,2030
5/1/18,240,HAMB NORTEAMERI,Hamburgers,109,15805
5/1/18,244,HAMB QUINOA,Hamburgers,18,2430
5/1/18,242,HAMB SUIZA,Hamburgers,66,9570
5/1/18,232,HAMB VIKINGA,Hamburgers,66,9570
5/1/18,34,MILA DE BERENJE,Entries,8,1240
5/1/18,46,NACHOS,Apetizers,15,1725
5/1/18,32,PANCHO ALEMAN,Sausages,2,460
5/1/18,31,PANCHO PORTENO,Sausages,4,920
5/1/18,24,PAPAS 4 QUESOS,Fries,42.6,5325
5/1/18,26,PAPAS BARBACOA,Fries,8,920
5/1/18,28,PAPAS CHEDDAR,Fries,100.6,11569
5/1/18,22,PAPAS FRITAS,Fries,26.6,2394
5/1/18,25,PAPAS RUSTICAS,Fries,26,3250
5/1/18,190,POLLO BELGA,Sandwichs,6,960
5/1/18,187,POLLO COSSAB,Sandwichs,6,960
5/1/18,159,QUESOS X 1,Tapas,1,170
5/1/18,160,QUESOS X 2,Tapas,2,640
5/1/18,54,RABAS,Apetizers,22,5280
5/1/18,56,RABAS C/SALSAS,Apetizers,5,1250
5/1/18,55,RABAS PROV,Apetizers,8,2000
5/1/18,40,SALCH ALEMANA,Sausages,13,2210
5/1/18,42,SALCH DIABLO,Sausages,12,2220
5/1/18,27,SALCHIPAPAS BEL,Fries,46,7360
5/1/18,191,SANWUCHE BERNA,Sandwichs,11,1540
5/1/18,60,SUPER MILANESA,Entries,7,1155
5/1/18,45,TABLA BRATWURST,Sausages,13,5525
5/1/18,82,TAPEO X2,Tapas,110,34650
5/1/18,57,TIRITAS POLL,Apetizers,26,3380
5/1/18,62,TORTILLA,Entries,10,1350
5/1/18,63,TORTILLA ESP,Entries,18,2700
5/1/18,66,WRAP CARNE,Sandwichs,11,1870
5/1/18,65,WRAP POLLO,Sandwichs,18,2790
5/1/18,64,WRAP VEGETA,Sandwichs,12,1680
6/1/18,29,ADICIONAL PANCE,Fries,13,630
6/1/18,184,ARABE JYQ,Sandwichs,4,340
6/1/18,185,ARABE LOMITO,Sandwichs,4,340
6/1/18,150,BAVIERA X 1,Tapas,8,1400
6/1/18,151,BAVIERA X 2,Tapas,9,2930
6/1/18,90,BONDIOLA NEGRA,Entries,26,4870
6/1/18,59,BRUSQUETA HONG,Apetizers,10,1290
6/1/18,58,BRUSQUETAS CRUD,Apetizers,14,1800
6/1/18,78,C. CAPRESSE,Pizzas,1,115
6/1/18,79,C. CRUDO RUCULA,Pizzas,1,130
6/1/18,75,C. JAMON,Pizzas,3,360
6/1/18,80,C. JAMON Y MORR,Pizzas,2,250
6/1/18,77,C. MORRONES,Pizzas,1,115
6/1/18,70,C. MUZZA,Pizzas,5,505
6/1/18,72,C. NAPOLITANA,Pizzas,2,240
6/1/18,76,C. PROVOLONE,Pizzas,2,240
6/1/18,49,CHOCOTORTA,Desserts,7,760
6/1/18,50,COPA MELBA,Desserts,6,560
6/1/18,152,COSSAB X 1,Tapas,13,2345
6/1/18,153,COSSAB X 2,Tapas,15,5010
6/1/18,226,CUAD. DE MUZZA,Apetizers,61,7775
6/1/18,188,CUADRIL COSSAB,Sandwichs,9,1585
6/1/18,189,CUDRIL VIKINGO,Sandwichs,13,2325
6/1/18,23,ESPAÑOLAS PICAN,Fries,10,1070
6/1/18,173,G. CALABRESA,Pizzas,3,640
6/1/18,178,G. CAPRESSE,Pizzas,6,1270
6/1/18,179,G. CRUDO Y RUCU,Pizzas,8,1860
6/1/18,171,G. FUGAZZETA,Pizzas,3,625
6/1/18,175,G. JAMON,Pizzas,4,860
6/1/18,180,G. JAMON Y MORR,Pizzas,3,700
6/1/18,177,G. MORRONES,Pizzas,1,210
6/1/18,170,G. MUZZA,Pizzas,8,1450
6/1/18,172,G. NAPOLITANA,Pizzas,5,1080
6/1/18,176,G. PROVOLONE,Pizzas,3,660
6/1/18,236,HAMB ALEMANA,Hamburgers,23,3435
6/1/18,231,HAMB ARGENTA,Hamburgers,15,2255
6/1/18,238,HAMB BRASILERA,Hamburgers,23,3345
6/1/18,241,HAMB CALABAZA,Hamburgers,12,1660
6/1/18,239,HAMB CHARRUA,Hamburgers,16,2360
6/1/18,230,HAMB COSSAB,Hamburgers,26,3850
6/1/18,235,HAMB FRANCESA,Hamburgers,51,7575
6/1/18,237,HAMB KANGREBURG,Hamburgers,74,10900
6/1/18,243,HAMB LENTEJAS,Hamburgers,9,1255
6/1/18,234,HAMB MEXICANA,Hamburgers,19,2825
6/1/18,233,HAMB NORMANDA,Hamburgers,8,1190
6/1/18,240,HAMB NORTEAMERI,Hamburgers,129,19045
6/1/18,244,HAMB QUINOA,Hamburgers,18,2500
6/1/18,242,HAMB SUIZA,Hamburgers,85,12585
6/1/18,232,HAMB VIKINGA,Hamburgers,97,14535
6/1/18,34,MILA DE BERENJE,Entries,5,805
6/1/18,46,NACHOS,Apetizers,18,2110
6/1/18,32,PANCHO ALEMAN,Sausages,1,230
6/1/18,31,PANCHO PORTENO,Sausages,1,230
6/1/18,24,PAPAS 4 QUESOS,Fries,52,6710
6/1/18,26,PAPAS BARBACOA,Fries,13,1555
6/1/18,28,PAPAS CHEDDAR,Fries,108,12820
6/1/18,22,PAPAS FRITAS,Fries,34.5,3245
6/1/18,25,PAPAS RUSTICAS,Fries,36,4600
6/1/18,190,POLLO BELGA,Sandwichs,7,1140
6/1/18,187,POLLO COSSAB,Sandwichs,4,650
6/1/18,159,QUESOS X 1,Tapas,7,1230
6/1/18,160,QUESOS X 2,Tapas,4,1300
6/1/18,54,RABAS,Apetizers,16,3850
6/1/18,56,RABAS C/SALSAS,Apetizers,8,2010
6/1/18,55,RABAS PROV,Apetizers,5,1250
6/1/18,40,SALCH ALEMANA,Sausages,19,3330
6/1/18,42,SALCH DIABLO,Sausages,14,2610
6/1/18,27,SALCHIPAPAS BEL,Fries,59,9620
6/1/18,191,SANWUCHE BERNA,Sandwichs,15,2180
6/1/18,60,SUPER MILANESA,Entries,24,4895
6/1/18,61,SUPREMA FUGAZE,Entries,11,2420
6/1/18,45,TABLA BRATWURST,Sausages,16,6920
6/1/18,82,TAPEO X2,Tapas,127,40925
6/1/18,57,TIRITAS POLL,Apetizers,41,5490
6/1/18,62,TORTILLA,Entries,11,1545
6/1/18,63,TORTILLA ESP,Entries,14,2120
6/1/18,66,WRAP CARNE,Sandwichs,19,3270
6/1/18,65,WRAP POLLO,Sandwichs,23,3615
6/1/18,64,WRAP VEGETA,Sandwichs,7,990
7/1/18,29,ADICIONAL PANCE,Fries,43,1720
7/1/18,186,ARABE 4 QUESOS,Sandwichs,1,85
7/1/18,184,ARABE JYQ,Sandwichs,5,425
7/1/18,185,ARABE LOMITO,Sandwichs,11,935
7/1/18,150,BAVIERA X 1,Tapas,5,900
7/1/18,151,BAVIERA X 2,Tapas,10,3300
7/1/18,90,BONDIOLA NEGRA,Entries,21,4095
7/1/18,59,BRUSQUETA HONG,Apetizers,9,1215
7/1/18,58,BRUSQUETAS CRUD,Apetizers,4,540
7/1/18,73,C. CALABRESA,Pizzas,1,120
7/1/18,78,C. CAPRESSE,Pizzas,1,120
7/1/18,79,C. CRUDO RUCULA,Pizzas,4,520
7/1/18,71,C. FUGAZZETA,Pizzas,1,115
7/1/18,75,C. JAMON,Pizzas,2,240
7/1/18,80,C. JAMON Y MORR,Pizzas,3,390
7/1/18,77,C. MORRONES,Pizzas,1,120
7/1/18,70,C. MUZZA,Pizzas,2,210
7/1/18,72,C. NAPOLITANA,Pizzas,1,120
7/1/18,76,C. PROVOLONE,Pizzas,2,250
7/1/18,49,CHOCOTORTA,Desserts,10,1100
7/1/18,50,COPA MELBA,Desserts,17,1700
7/1/18,152,COSSAB X 1,Tapas,11,2035
7/1/18,153,COSSAB X 2,Tapas,11,3740
7/1/18,226,CUAD. DE MUZZA,Apetizers,44,5940
7/1/18,188,CUADRIL COSSAB,Sandwichs,6,1110
7/1/18,189,CUDRIL VIKINGO,Sandwichs,14,2590
7/1/18,23,ESPAÑOLAS PICAN,Fries,15,1725
7/1/18,173,G. CALABRESA,Pizzas,3,660
7/1/18,178,G. CAPRESSE,Pizzas,6,1320
7/1/18,179,G. CRUDO Y RUCU,Pizzas,10,2400
7/1/18,171,G. FUGAZZETA,Pizzas,3,645
7/1/18,175,G. JAMON,Pizzas,3,660
7/1/18,180,G. JAMON Y MORR,Pizzas,8,1920
7/1/18,177,G. MORRONES,Pizzas,1,220
7/1/18,170,G. MUZZA,Pizzas,6,1140
7/1/18,172,G. NAPOLITANA,Pizzas,6,1320
7/1/18,176,G. PROVOLONE,Pizzas,1,230
7/1/18,174,G. ROQUEFORT,Pizzas,2,440
7/1/18,236,HAMB ALEMANA,Hamburgers,16,2480
7/1/18,231,HAMB ARGENTA,Hamburgers,11,1705
7/1/18,238,HAMB BRASILERA,Hamburgers,12,1860
7/1/18,241,HAMB CALABAZA,Hamburgers,8,1160
7/1/18,239,HAMB CHARRUA,Hamburgers,15,2325
7/1/18,230,HAMB COSSAB,Hamburgers,30,4650
7/1/18,235,HAMB FRANCESA,Hamburgers,45,6975
7/1/18,237,HAMB KANGREBURG,Hamburgers,53,8215
7/1/18,243,HAMB LENTEJAS,Hamburgers,20,2900
7/1/18,234,HAMB MEXICANA,Hamburgers,12,1860
7/1/18,233,HAMB NORMANDA,Hamburgers,22,3410
7/1/18,240,HAMB NORTEAMERI,Hamburgers,95,14725
7/1/18,244,HAMB QUINOA,Hamburgers,22,3190
7/1/18,242,HAMB SUIZA,Hamburgers,100,15500
7/1/18,232,HAMB VIKINGA,Hamburgers,76,11780
7/1/18,34,MILA DE BERENJE,Entries,8,1320
7/1/18,46,NACHOS,Apetizers,14,1750
7/1/18,24,PAPAS 4 QUESOS,Fries,42,5670
7/1/18,26,PAPAS BARBACOA,Fries,27,3375
7/1/18,28,PAPAS CHEDDAR,Fries,109.6,13700
7/1/18,22,PAPAS FRITAS,Fries,29.6,2960
7/1/18,25,PAPAS RUSTICAS,Fries,32,4320
7/1/18,190,POLLO BELGA,Sandwichs,1,170
7/1/18,187,POLLO COSSAB,Sandwichs,5,850
7/1/18,159,QUESOS X 1,Tapas,5.4,972
7/1/18,160,QUESOS X 2,Tapas,1,330
7/1/18,54,RABAS,Apetizers,16,4000
7/1/18,56,RABAS C/SALSAS,Apetizers,5,1300
7/1/18,55,RABAS PROV,Apetizers,11,2860
7/1/18,40,SALCH ALEMANA,Sausages,16,2880
7/1/18,42,SALCH DIABLO,Sausages,14,2730
7/1/18,27,SALCHIPAPAS BEL,Fries,38,6460
7/1/18,191,SANWUCHE BERNA,Sandwichs,7,1050
7/1/18,60,SUPER MILANESA,Entries,41,9020
7/1/18,61,SUPREMA FUGAZE,Entries,34,7480
7/1/18,45,TABLA BRATWURST,Sausages,14,6160
7/1/18,82,TAPEO X2,Tapas,130,43550
7/1/18,57,TIRITAS POLL,Apetizers,39,5460
7/1/18,62,TORTILLA,Entries,9,1305
7/1/18,63,TORTILLA ESP,Entries,21,3360
7/1/18,66,WRAP CARNE,Sandwichs,7,1260
7/1/18,65,WRAP POLLO,Sandwichs,9,1485
7/1/18,64,WRAP VEGETA,Sandwichs,5,750
8/1/18,29,ADICIONAL PANCE,Fries,49,1970
8/1/18,184,ARABE JYQ,Sandwichs,2,170
8/1/18,185,ARABE LOMITO,Sandwichs,8,680
8/1/18,150,BAVIERA X 1,Tapas,6,1080
8/1/18,151,BAVIERA X 2,Tapas,5,1650
8/1/18,90,BONDIOLA NEGRA,Entries,16,3120
8/1/18,59,BRUSQUETA HONG,Apetizers,5,680
8/1/18,58,BRUSQUETAS CRUD,Apetizers,5,675
8/1/18,78,C. CAPRESSE,Pizzas,1,120
8/1/18,79,C. CRUDO RUCULA,Pizzas,4,520
8/1/18,71,C. FUGAZZETA,Pizzas,1,115
8/1/18,80,C. JAMON Y MORR,Pizzas,3,395
8/1/18,77,C. MORRONES,Pizzas,1,120
8/1/18,70,C. MUZZA,Pizzas,5,525
8/1/18,72,C. NAPOLITANA,Pizzas,3,360
8/1/18,76,C. PROVOLONE,Pizzas,1,125
8/1/18,74,C. ROQUEFORT,Pizzas,3,365
8/1/18,49,CHOCOTORTA,Desserts,8,880
8/1/18,50,COPA MELBA,Desserts,8,800
8/1/18,152,COSSAB X 1,Tapas,16,2970
8/1/18,153,COSSAB X 2,Tapas,18,6160
8/1/18,226,CUAD. DE MUZZA,Apetizers,52,7050
8/1/18,188,CUADRIL COSSAB,Sandwichs,5,925
8/1/18,189,CUDRIL VIKINGO,Sandwichs,18,3335
8/1/18,23,ESPAÑOLAS PICAN,Fries,19,2190
8/1/18,173,G. CALABRESA,Pizzas,2,440
8/1/18,178,G. CAPRESSE,Pizzas,6,1320
8/1/18,179,G. CRUDO Y RUCU,Pizzas,7,1685
8/1/18,175,G. JAMON,Pizzas,4,880
8/1/18,180,G. JAMON Y MORR,Pizzas,11,2645
8/1/18,170,G. MUZZA,Pizzas,8,1530
8/1/18,172,G. NAPOLITANA,Pizzas,5,1100
8/1/18,176,G. PROVOLONE,Pizzas,1,230
8/1/18,174,G. ROQUEFORT,Pizzas,2,440
8/1/18,236,HAMB ALEMANA,Hamburgers,20,3100
8/1/18,231,HAMB ARGENTA,Hamburgers,18,2800
8/1/18,238,HAMB BRASILERA,Hamburgers,6,930
8/1/18,241,HAMB CALABAZA,Hamburgers,12,1745
8/1/18,239,HAMB CHARRUA,Hamburgers,13,2015
8/1/18,230,HAMB COSSAB,Hamburgers,25,3875
8/1/18,235,HAMB FRANCESA,Hamburgers,38,5900
8/1/18,237,HAMB KANGREBURG,Hamburgers,43,6695
8/1/18,243,HAMB LENTEJAS,Hamburgers,14,2030
8/1/18,234,HAMB MEXICANA,Hamburgers,22,3410
8/1/18,233,HAMB NORMANDA,Hamburgers,16,2480
8/1/18,240,HAMB NORTEAMERI,Hamburgers,86,13365
8/1/18,244,HAMB QUINOA,Hamburgers,22,3210
8/1/18,242,HAMB SUIZA,Hamburgers,78,12125
8/1/18,232,HAMB VIKINGA,Hamburgers,79,12270
8/1/18,34,MILA DE BERENJE,Entries,9,1490
8/1/18,46,NACHOS,Apetizers,16,2010
8/1/18,32,PANCHO ALEMAN,Sausages,14,1680
8/1/18,31,PANCHO PORTENO,Sausages,7,770
8/1/18,33,PANCHO YANKI,Sausages,13,1560
8/1/18,24,PAPAS 4 QUESOS,Fries,45,6090
8/1/18,26,PAPAS BARBACOA,Fries,19,2375
8/1/18,28,PAPAS CHEDDAR,Fries,114,14270
8/1/18,22,PAPAS FRITAS,Fries,38,3800
8/1/18,25,PAPAS RUSTICAS,Fries,30,4070
8/1/18,190,POLLO BELGA,Sandwichs,6,1030
8/1/18,187,POLLO COSSAB,Sandwichs,10,1700
8/1/18,159,QUESOS X 1,Tapas,3.5,630
8/1/18,160,QUESOS X 2,Tapas,6,1980
8/1/18,54,RABAS,Apetizers,16,4000
8/1/18,56,RABAS C/SALSAS,Apetizers,2,520
8/1/18,55,RABAS PROV,Apetizers,5,1300
8/1/18,40,SALCH ALEMANA,Sausages,12,2175
8/1/18,42,SALCH DIABLO,Sausages,10,1950
8/1/18,27,SALCHIPAPAS BEL,Fries,33.5,5705
8/1/18,191,SANWUCHE BERNA,Sandwichs,8,1200
8/1/18,60,SUPER MILANESA,Entries,24,5320
8/1/18,61,SUPREMA FUGAZE,Entries,15,3340
8/1/18,45,TABLA BRATWURST,Sausages,10,4400
8/1/18,82,TAPEO X2,Tapas,133,44555
8/1/18,57,TIRITAS POLL,Apetizers,37,5185
8/1/18,62,TORTILLA,Entries,7,1015
8/1/18,63,TORTILLA ESP,Entries,14,2245
8/1/18,66,WRAP CARNE,Sandwichs,12,2160
8/1/18,65,WRAP POLLO,Sandwichs,16,2650
8/1/18,64,WRAP VEGETA,Sandwichs,6,900
9/1/18,29,ADICIONAL PANCE,Fries,24,1140
9/1/18,184,ARABE JYQ,Sandwichs,1,90
9/1/18,185,ARABE LOMITO,Sandwichs,12,1090
9/1/18,150,BAVIERA X 1,Tapas,9,1680
9/1/18,151,BAVIERA X 2,Tapas,8,2810
9/1/18,90,BONDIOLA NEGRA,Entries,11,2200
9/1/18,59,BRUSQUETA HONG,Apetizers,6,850
9/1/18,58,BRUSQUETAS CRUD,Apetizers,15,2170
9/1/18,79,C. CRUDO RUCULA,Pizzas,1,145
9/1/18,71,C. FUGAZZETA,Pizzas,1,130
9/1/18,80,C. JAMON Y MORR,Pizzas,2,280
9/1/18,70,C. MUZZA,Pizzas,4,450
9/1/18,76,C. PROVOLONE,Pizzas,1,130
9/1/18,74,C. ROQUEFORT,Pizzas,2,260
9/1/18,49,CHOCOTORTA,Desserts,7,820
9/1/18,50,COPA MELBA,Desserts,12,1265
9/1/18,152,COSSAB X 1,Tapas,19,3715
9/1/18,153,COSSAB X 2,Tapas,19,6860
9/1/18,226,CUAD. DE MUZZA,Apetizers,28,4010
9/1/18,188,CUADRIL COSSAB,Sandwichs,2,380
9/1/18,189,CUDRIL VIKINGO,Sandwichs,15,2930
9/1/18,23,ESPAÑOLAS PICAN,Fries,14,1740
9/1/18,173,G. CALABRESA,Pizzas,1,225
9/1/18,178,G. CAPRESSE,Pizzas,5,1125
9/1/18,179,G. CRUDO Y RUCU,Pizzas,8,2020
9/1/18,171,G. FUGAZZETA,Pizzas,2,440
9/1/18,175,G. JAMON,Pizzas,4,930
9/1/18,180,G. JAMON Y MORR,Pizzas,12,3000
9/1/18,170,G. MUZZA,Pizzas,10,2010
9/1/18,172,G. NAPOLITANA,Pizzas,3,675
9/1/18,176,G. PROVOLONE,Pizzas,1,235
9/1/18,174,G. ROQUEFORT,Pizzas,2,450
9/1/18,236,HAMB ALEMANA,Hamburgers,24,3870
9/1/18,231,HAMB ARGENTA,Hamburgers,15,2430
9/1/18,238,HAMB BRASILERA,Hamburgers,4,640
9/1/18,241,HAMB CALABAZA,Hamburgers,6,910
9/1/18,239,HAMB CHARRUA,Hamburgers,14,2255
9/1/18,230,HAMB COSSAB,Hamburgers,39,6300
9/1/18,235,HAMB FRANCESA,Hamburgers,39,6300
9/1/18,237,HAMB KANGREBURG,Hamburgers,46,7480
9/1/18,243,HAMB LENTEJAS,Hamburgers,10,1530
9/1/18,234,HAMB MEXICANA,Hamburgers,13,2140
9/1/18,233,HAMB NORMANDA,Hamburgers,17,2825
9/1/18,240,HAMB NORTEAMERI,Hamburgers,88,14350
9/1/18,244,HAMB QUINOA,Hamburgers,27,4100
9/1/18,242,HAMB SUIZA,Hamburgers,72,11745
9/1/18,232,HAMB VIKINGA,Hamburgers,63,10245
9/1/18,34,MILA DE BERENJE,Entries,7,1220
9/1/18,46,NACHOS,Apetizers,10,1360
9/1/18,32,PANCHO ALEMAN,Sausages,11,1360
9/1/18,31,PANCHO PORTENO,Sausages,2,220
9/1/18,33,PANCHO YANKI,Sausages,14,1700
9/1/18,24,PAPAS 4 QUESOS,Fries,36,5080
9/1/18,26,PAPAS BARBACOA,Fries,14,1860
9/1/18,28,PAPAS CHEDDAR,Fries,123.2,16436
9/1/18,22,PAPAS FRITAS,Fries,31.6,3388
9/1/18,25,PAPAS RUSTICAS,Fries,33,4680
9/1/18,190,POLLO BELGA,Sandwichs,2,350
9/1/18,187,POLLO COSSAB,Sandwichs,6,1050
9/1/18,159,QUESOS X 1,Tapas,11,2110
9/1/18,160,QUESOS X 2,Tapas,3,1020
9/1/18,54,RABAS,Apetizers,20,5160
9/1/18,56,RABAS C/SALSAS,Apetizers,7,1945
9/1/18,55,RABAS PROV,Apetizers,10,2740
9/1/18,40,SALCH ALEMANA,Sausages,18,3390
9/1/18,42,SALCH DIABLO,Sausages,8,1620
9/1/18,27,SALCHIPAPAS BEL,Fries,32,5675
9/1/18,191,SANWUCHE BERNA,Sandwichs,6,930
9/1/18,60,SUPER MILANESA,Entries,28,7080
9/1/18,61,SUPREMA FUGAZE,Entries,24,5940
9/1/18,45,TABLA BRATWURST,Sausages,6,2740
9/1/18,82,TAPEO X2,Tapas,107,37700
9/1/18,57,TIRITAS POLL,Apetizers,30,4440
9/1/18,62,TORTILLA,Entries,15,2270
9/1/18,63,TORTILLA ESP,Entries,11,1835
9/1/18,66,WRAP CARNE,Sandwichs,7,1310
9/1/18,65,WRAP POLLO,Sandwichs,13,2270
9/1/18,64,WRAP VEGETA,Sandwichs,11,1735
10/1/18,29,ADICIONAL PANCE,Fries,26,1430
10/1/18,186,ARABE 4 QUESOS,Sandwichs,2,200
10/1/18,184,ARABE JYQ,Sandwichs,5,500
10/1/18,185,ARABE LOMITO,Sandwichs,13,1300
10/1/18,150,BAVIERA X 1,Tapas,6,1200
10/1/18,151,BAVIERA X 2,Tapas,4,1480
10/1/18,90,BONDIOLA NEGRA,Entries,10,2015
10/1/18,59,BRUSQUETA HONG,Apetizers,6,900
10/1/18,58,BRUSQUETAS CRUD,Apetizers,10,1500
10/1/18,73,C. CALABRESA,Pizzas,2,270
10/1/18,78,C. CAPRESSE,Pizzas,2,270
10/1/18,79,C. CRUDO RUCULA,Pizzas,6,870
10/1/18,71,C. FUGAZZETA,Pizzas,1,130
10/1/18,75,C. JAMON,Pizzas,2,270
10/1/18,80,C. JAMON Y MORR,Pizzas,2,290
10/1/18,77,C. MORRONES,Pizzas,1,135
10/1/18,70,C. MUZZA,Pizzas,7,840
10/1/18,72,C. NAPOLITANA,Pizzas,7,945
10/1/18,76,C. PROVOLONE,Pizzas,2,280
10/1/18,74,C. ROQUEFORT,Pizzas,3,405
10/1/18,49,CHOCOTORTA,Desserts,15,1800
10/1/18,50,COPA MELBA,Desserts,6,660
10/1/18,152,COSSAB X 1,Tapas,15,3075
10/1/18,153,COSSAB X 2,Tapas,26,9880
10/1/18,226,CUAD. DE MUZZA,Apetizers,30,4660
10/1/18,188,CUADRIL COSSAB,Sandwichs,2,420
10/1/18,189,CUDRIL VIKINGO,Sandwichs,9,1890
10/1/18,23,ESPAÑOLAS PICAN,Fries,12,1560
10/1/18,173,G. CALABRESA,Pizzas,2,490
10/1/18,178,G. CAPRESSE,Pizzas,3,735
10/1/18,179,G. CRUDO Y RUCU,Pizzas,3,795
10/1/18,175,G. JAMON,Pizzas,2,510
10/1/18,180,G. JAMON Y MORR,Pizzas,5,1325
10/1/18,170,G. MUZZA,Pizzas,9,1935
10/1/18,172,G. NAPOLITANA,Pizzas,7,1715
10/1/18,176,G. PROVOLONE,Pizzas,1,265
10/1/18,174,G. ROQUEFORT,Pizzas,1,245
10/1/18,236,HAMB ALEMANA,Hamburgers,13,2275
10/1/18,231,HAMB ARGENTA,Hamburgers,21,3675
10/1/18,238,HAMB BRASILERA,Hamburgers,4,700
10/1/18,241,HAMB CALABAZA,Hamburgers,14,2240
10/1/18,239,HAMB CHARRUA,Hamburgers,8,1400
10/1/18,230,HAMB COSSAB,Hamburgers,31,5425
10/1/18,235,HAMB FRANCESA,Hamburgers,33,5775
10/1/18,237,HAMB KANGREBURG,Hamburgers,42,7350
10/1/18,243,HAMB LENTEJAS,Hamburgers,8,1280
10/1/18,234,HAMB MEXICANA,Hamburgers,3,525
10/1/18,233,HAMB NORMANDA,Hamburgers,7,1225
10/1/18,240,HAMB NORTEAMERI,Hamburgers,76,13300
10/1/18,244,HAMB QUINOA,Hamburgers,18,2880
10/1/18,242,HAMB SUIZA,Hamburgers,52,9100
10/1/18,232,HAMB VIKINGA,Hamburgers,46,8050
10/1/18,34,MILA DE BERENJE,Entries,7,1260
10/1/18,46,NACHOS,Apetizers,18,2620
10/1/18,32,PANCHO ALEMAN,Sausages,28,3640
10/1/18,31,PANCHO PORTENO,Sausages,5,600
10/1/18,33,PANCHO YANKI,Sausages,11,1430
10/1/18,24,PAPAS 4 QUESOS,Fries,34,5100
10/1/18,26,PAPAS BARBACOA,Fries,15,2100
10/1/18,28,PAPAS CHEDDAR,Fries,104,15600
10/1/18,22,PAPAS FRITAS,Fries,45,5175
10/1/18,25,PAPAS RUSTICAS,Fries,30,4500
10/1/18,190,POLLO BELGA,Sandwichs,3,570
10/1/18,187,POLLO COSSAB,Sandwichs,9,1710
10/1/18,159,QUESOS X 1,Tapas,5,1000
10/1/18,54,RABAS,Apetizers,33,9075
10/1/18,56,RABAS C/SALSAS,Apetizers,5,1475
10/1/18,55,RABAS PROV,Apetizers,8,2360
10/1/18,40,SALCH ALEMANA,Sausages,23,4735
10/1/18,42,SALCH DIABLO,Sausages,7,1540
10/1/18,27,SALCHIPAPAS BEL,Fries,33,6270
10/1/18,191,SANWUCHE BERNA,Sandwichs,12,1860
10/1/18,60,SUPER MILANESA,Entries,20,5420
10/1/18,61,SUPREMA FUGAZE,Entries,17,4600
10/1/18,45,TABLA BRATWURST,Sausages,11,5170
10/1/18,82,TAPEO X2,Tapas,117,43290
10/1/18,57,TIRITAS POLL,Apetizers,47,7520
10/1/18,62,TORTILLA,Entries,10,1605
10/1/18,63,TORTILLA ESP,Entries,8,1400
10/1/18,66,WRAP CARNE,Sandwichs,5,1010
10/1/18,65,WRAP POLLO,Sandwichs,9,1665
10/1/18,64,WRAP VEGETA,Sandwichs,10,1700
11/1/18,29,ADICIONAL PANCE,Fries,29,1740
11/1/18,186,ARABE 4 QUESOS,Sandwichs,4,400
11/1/18,184,ARABE JYQ,Sandwichs,12,1200
11/1/18,185,ARABE LOMITO,Sandwichs,8,800
11/1/18,150,BAVIERA X 1,Tapas,10,2000
11/1/18,151,BAVIERA X 2,Tapas,6,2220
11/1/18,90,BONDIOLA NEGRA,Entries,11,2365
11/1/18,59,BRUSQUETA HONG,Apetizers,1,155
11/1/18,58,BRUSQUETAS CRUD,Apetizers,7,1085
11/1/18,73,C. CALABRESA,Pizzas,1,140
11/1/18,78,C. CAPRESSE,Pizzas,4,555
11/1/18,79,C. CRUDO RUCULA,Pizzas,5,770
11/1/18,71,C. FUGAZZETA,Pizzas,1,130
11/1/18,75,C. JAMON,Pizzas,1,145
11/1/18,80,C. JAMON Y MORR,Pizzas,2,310
11/1/18,70,C. MUZZA,Pizzas,8,990
11/1/18,72,C. NAPOLITANA,Pizzas,5,690
11/1/18,74,C. ROQUEFORT,Pizzas,1,140
11/1/18,49,CHOCOTORTA,Desserts,11,1100
11/1/18,50,COPA MELBA,Desserts,3,390
11/1/18,152,COSSAB X 1,Tapas,20,4100
11/1/18,153,COSSAB X 2,Tapas,28,10640
11/1/18,226,CUAD. DE MUZZA,Apetizers,43,7095
11/1/18,188,CUADRIL COSSAB,Sandwichs,5,1050
11/1/18,189,CUDRIL VIKINGO,Sandwichs,11,2310
11/1/18,23,ESPAÑOLAS PICAN,Fries,14,1820
11/1/18,173,G. CALABRESA,Pizzas,3,765
11/1/18,178,G. CAPRESSE,Pizzas,2,520
11/1/18,179,G. CRUDO Y RUCU,Pizzas,12,3495
11/1/18,171,G. FUGAZZETA,Pizzas,3,750
11/1/18,175,G. JAMON,Pizzas,6,1620
11/1/18,180,G. JAMON Y MORR,Pizzas,8,2295
11/1/18,177,G. MORRONES,Pizzas,4,1065
11/1/18,170,G. MUZZA,Pizzas,9,2070
11/1/18,172,G. NAPOLITANA,Pizzas,12,3105
11/1/18,176,G. PROVOLONE,Pizzas,3,900
11/1/18,174,G. ROQUEFORT,Pizzas,3,780
11/1/18,236,HAMB ALEMANA,Hamburgers,26,4550
11/1/18,231,HAMB ARGENTA,Hamburgers,6,1050
11/1/18,238,HAMB BRASILERA,Hamburgers,4,700
11/1/18,241,HAMB CALABAZA,Hamburgers,20,3200
11/1/18,239,HAMB CHARRUA,Hamburgers,17,2975
11/1/18,230,HAMB COSSAB,Hamburgers,29,5075
11/1/18,235,HAMB FRANCESA,Hamburgers,28,4900
11/1/18,237,HAMB KANGREBURG,Hamburgers,35,6125
11/1/18,243,HAMB LENTEJAS,Hamburgers,17,2720
11/1/18,234,HAMB MEXICANA,Hamburgers,8,1400
11/1/18,233,HAMB NORMANDA,Hamburgers,18,3150
11/1/18,240,HAMB NORTEAMERI,Hamburgers,96,16800
11/1/18,244,HAMB QUINOA,Hamburgers,32,5120
11/1/18,242,HAMB SUIZA,Hamburgers,65,11375
11/1/18,232,HAMB VIKINGA,Hamburgers,79,13825
11/1/18,34,MILA DE BERENJE,Entries,7,1295
11/1/18,46,NACHOS,Apetizers,9,1395
11/1/18,32,PANCHO ALEMAN,Sausages,26,3510
11/1/18,31,PANCHO PORTENO,Sausages,10,1250
11/1/18,33,PANCHO YANKI,Sausages,11,1485
11/1/18,24,PAPAS 4 QUESOS,Fries,36,5400
11/1/18,26,PAPAS BARBACOA,Fries,15,2100
11/1/18,28,PAPAS CHEDDAR,Fries,118.5,17775
11/1/18,22,PAPAS FRITAS,Fries,43.1,4956.5
11/1/18,25,PAPAS RUSTICAS,Fries,27,4050
11/1/18,190,POLLO BELGA,Sandwichs,8,1520
11/1/18,187,POLLO COSSAB,Sandwichs,7,1330
11/1/18,159,QUESOS X 1,Tapas,11,2200
11/1/18,160,QUESOS X 2,Tapas,1,370
11/1/18,54,RABAS,Apetizers,27,8235
11/1/18,56,RABAS C/SALSAS,Apetizers,8,2640
11/1/18,55,RABAS PROV,Apetizers,12,3840
11/1/18,40,SALCH ALEMANA,Sausages,15,3225
11/1/18,42,SALCH DIABLO,Sausages,16,3680
11/1/18,27,SALCHIPAPAS BEL,Fries,45,8550
11/1/18,191,SANWUCHE BERNA,Sandwichs,19,2945
11/1/18,60,SUPER MILANESA,Entries,20,5600
11/1/18,61,SUPREMA FUGAZE,Entries,20,5600
11/1/18,45,TABLA BRATWURST,Sausages,12,5640
11/1/18,82,TAPEO X2,Tapas,148,54760
11/1/18,57,TIRITAS POLL,Apetizers,51,8415
11/1/18,62,TORTILLA,Entries,9,1485
11/1/18,63,TORTILLA ESP,Entries,17,3145
11/1/18,66,WRAP CARNE,Sandwichs,10,2100
11/1/18,65,WRAP POLLO,Sandwichs,15,2850
11/1/18,64,WRAP VEGETA,Sandwichs,10,1750
12/1/18,29,ADICIONAL PANCE,Fries,44,2640
12/1/18,186,ARABE 4 QUESOS,Sandwichs,4,400
12/1/18,184,ARABE JYQ,Sandwichs,9,900
12/1/18,185,ARABE LOMITO,Sandwichs,16,1600
12/1/18,150,BAVIERA X 1,Tapas,1,200
12/1/18,151,BAVIERA X 2,Tapas,9,3330
12/1/18,90,BONDIOLA NEGRA,Entries,13,2795
12/1/18,59,BRUSQUETA HONG,Apetizers,10,1550
12/1/18,58,BRUSQUETAS CRUD,Apetizers,12,1860
12/1/18,73,C. CALABRESA,Pizzas,1,140
12/1/18,78,C. CAPRESSE,Pizzas,1,140
12/1/18,79,C. CRUDO RUCULA,Pizzas,4,640
12/1/18,81,C. CUATRO QUESO,Pizzas,1,170
12/1/18,75,C. JAMON,Pizzas,2,290
12/1/18,80,C. JAMON Y MORR,Pizzas,2,310
12/1/18,70,C. MUZZA,Pizzas,5,625
12/1/18,72,C. NAPOLITANA,Pizzas,2,280
12/1/18,76,C. PROVOLONE,Pizzas,1,160
12/1/18,74,C. ROQUEFORT,Pizzas,2,280
12/1/18,49,CHOCOTORTA,Desserts,9,900
12/1/18,152,COSSAB X 1,Tapas,20,4100
12/1/18,153,COSSAB X 2,Tapas,28,10640
12/1/18,226,CUAD. DE MUZZA,Apetizers,54,8910
12/1/18,188,CUADRIL COSSAB,Sandwichs,7,1470
12/1/18,189,CUDRIL VIKINGO,Sandwichs,5,1050
12/1/18,23,ESPAÑOLAS PICAN,Fries,15,1950
12/1/18,178,G. CAPRESSE,Pizzas,7,1820
12/1/18,179,G. CRUDO Y RUCU,Pizzas,3,900
12/1/18,181,G. CUATRO QUESO,Pizzas,1,320
12/1/18,171,G. FUGAZZETA,Pizzas,2,500
12/1/18,180,G. JAMON Y MORR,Pizzas,5,1450
12/1/18,170,G. MUZZA,Pizzas,21,4830
12/1/18,172,G. NAPOLITANA,Pizzas,4,1040
12/1/18,176,G. PROVOLONE,Pizzas,3,900
12/1/18,174,G. ROQUEFORT,Pizzas,1,260
12/1/18,236,HAMB ALEMANA,Hamburgers,25,4375
12/1/18,231,HAMB ARGENTA,Hamburgers,15,2625
12/1/18,238,HAMB BRASILERA,Hamburgers,8,1400
12/1/18,241,HAMB CALABAZA,Hamburgers,18,2880
12/1/18,239,HAMB CHARRUA,Hamburgers,19,3325
12/1/18,230,HAMB COSSAB,Hamburgers,40,7000
12/1/18,235,HAMB FRANCESA,Hamburgers,27,4725
12/1/18,237,HAMB KANGREBURG,Hamburgers,53,9275
12/1/18,243,HAMB LENTEJAS,Hamburgers,13,2080
12/1/18,234,HAMB MEXICANA,Hamburgers,10,1750
12/1/18,233,HAMB NORMANDA,Hamburgers,18,3150
12/1/18,240,HAMB NORTEAMERI,Hamburgers,90,15750
12/1/18,244,HAMB QUINOA,Hamburgers,35,5600
12/1/18,242,HAMB SUIZA,Hamburgers,69,12075
12/1/18,232,HAMB VIKINGA,Hamburgers,53,9275
12/1/18,34,MILA DE BERENJE,Entries,8,1480
12/1/18,46,NACHOS,Apetizers,18,2790
12/1/18,32,PANCHO ALEMAN,Sausages,27,3645
12/1/18,31,PANCHO PORTENO,Sausages,5,625
12/1/18,33,PANCHO YANKI,Sausages,14,1890
12/1/18,24,PAPAS 4 QUESOS,Fries,48,7200
12/1/18,26,PAPAS BARBACOA,Fries,17.5,2450
12/1/18,28,PAPAS CHEDDAR,Fries,145,21750
12/1/18,22,PAPAS FRITAS,Fries,50,5750
12/1/18,25,PAPAS RUSTICAS,Fries,26,3900
12/1/18,190,POLLO BELGA,Sandwichs,4,760
12/1/18,187,POLLO COSSAB,Sandwichs,12,2280
12/1/18,159,QUESOS X 1,Tapas,11,2200
12/1/18,160,QUESOS X 2,Tapas,5,1850
12/1/18,54,RABAS,Apetizers,31,9455
12/1/18,56,RABAS C/SALSAS,Apetizers,5,1650
12/1/18,55,RABAS PROV,Apetizers,23,7360
12/1/18,40,SALCH ALEMANA,Sausages,18,3870
12/1/18,42,SALCH DIABLO,Sausages,11,2530
12/1/18,27,SALCHIPAPAS BEL,Fries,34,6460
12/1/18,191,SANWUCHE BERNA,Sandwichs,24,3720
12/1/18,60,SUPER MILANESA,Entries,17,4760
12/1/18,61,SUPREMA FUGAZE,Entries,24,6720
12/1/18,45,TABLA BRATWURST,Sausages,10,4700
12/1/18,82,TAPEO X2,Tapas,171,63270
12/1/18,57,TIRITAS POLL,Apetizers,45,7425
12/1/18,62,TORTILLA,Entries,16,2640
12/1/18,63,TORTILLA ESP,Entries,11,2035
12/1/18,66,WRAP CARNE,Sandwichs,10,2100
12/1/18,65,WRAP POLLO,Sandwichs,14,2660
12/1/18,64,WRAP VEGETA,Sandwichs,9,1575
1/1/19,29,ADICIONAL PANCE,Fries,27,1630
1/1/19,186,ARABE 4 QUESOS,Sandwichs,2,200
1/1/19,184,ARABE JYQ,Sandwichs,14,1420
1/1/19,185,ARABE LOMITO,Sandwichs,8,800
1/1/19,150,BAVIERA X 1,Tapas,8,1645
1/1/19,151,BAVIERA X 2,Tapas,13,4840
1/1/19,90,BONDIOLA NEGRA,Entries,17,3730
1/1/19,59,BRUSQUETA HONG,Apetizers,6,930
1/1/19,58,BRUSQUETAS CRUD,Apetizers,11,1705
1/1/19,73,C. CALABRESA,Pizzas,2,280
1/1/19,78,C. CAPRESSE,Pizzas,1,150
1/1/19,79,C. CRUDO RUCULA,Pizzas,3,480
1/1/19,81,C. CUATRO QUESO,Pizzas,3,510
1/1/19,71,C. FUGAZZETA,Pizzas,1,135
1/1/19,75,C. JAMON,Pizzas,1,145
1/1/19,80,C. JAMON Y MORR,Pizzas,2,320
1/1/19,70,C. MUZZA,Pizzas,8,1000
1/1/19,72,C. NAPOLITANA,Pizzas,1,150
1/1/19,74,C. ROQUEFORT,Pizzas,2,280
1/1/19,49,CHOCOTORTA,Desserts,15,1500
1/1/19,50,COPA MELBA,Desserts,4,520
1/1/19,152,COSSAB X 1,Tapas,17,3545
1/1/19,153,COSSAB X 2,Tapas,20,7660
1/1/19,226,CUAD. DE MUZZA,Apetizers,52,8610
1/1/19,188,CUADRIL COSSAB,Sandwichs,5,1095
1/1/19,189,CUDRIL VIKINGO,Sandwichs,10,2115
1/1/19,23,ESPAÑOLAS PICAN,Fries,8,1070
1/1/19,173,G. CALABRESA,Pizzas,3,780
1/1/19,178,G. CAPRESSE,Pizzas,2,520
1/1/19,179,G. CRUDO Y RUCU,Pizzas,10,3020
1/1/19,181,G. CUATRO QUESO,Pizzas,2,640
1/1/19,171,G. FUGAZZETA,Pizzas,1,250
1/1/19,175,G. JAMON,Pizzas,5,1350
1/1/19,180,G. JAMON Y MORR,Pizzas,5,1470
1/1/19,177,G. MORRONES,Pizzas,2,540
1/1/19,170,G. MUZZA,Pizzas,10,2340
1/1/19,172,G. NAPOLITANA,Pizzas,3,780
1/1/19,176,G. PROVOLONE,Pizzas,3,900
1/1/19,174,G. ROQUEFORT,Pizzas,2,520
1/1/19,236,HAMB ALEMANA,Hamburgers,14,2450
1/1/19,231,HAMB ARGENTA,Hamburgers,5,895
1/1/19,238,HAMB BRASILERA,Hamburgers,3,525
1/1/19,241,HAMB CALABAZA,Hamburgers,18,2900
1/1/19,239,HAMB CHARRUA,Hamburgers,12,2110
1/1/19,230,HAMB COSSAB,Hamburgers,26,4580
1/1/19,235,HAMB FRANCESA,Hamburgers,18,3190
1/1/19,237,HAMB KANGREBURG,Hamburgers,34,5990
1/1/19,243,HAMB LENTEJAS,Hamburgers,11,1780
1/1/19,234,HAMB MEXICANA,Hamburgers,12,2100
1/1/19,233,HAMB NORMANDA,Hamburgers,8,1400
1/1/19,240,HAMB NORTEAMERI,Hamburgers,78,13720
1/1/19,244,HAMB QUINOA,Hamburgers,30,4890
1/1/19,242,HAMB SUIZA,Hamburgers,50,8770
1/1/19,232,HAMB VIKINGA,Hamburgers,49,8645
1/1/19,34,MILA DE BERENJE,Entries,8,1495
1/1/19,46,NACHOS,Apetizers,14,2170
1/1/19,32,PANCHO ALEMAN,Sausages,15,2085
1/1/19,31,PANCHO PORTENO,Sausages,7,895
1/1/19,33,PANCHO YANKI,Sausages,10,1365
1/1/19,24,PAPAS 4 QUESOS,Fries,39,5890
1/1/19,26,PAPAS BARBACOA,Fries,18,2540
1/1/19,28,PAPAS CHEDDAR,Fries,100,15150
1/1/19,22,PAPAS FRITAS,Fries,37.5,4332.5
1/1/19,25,PAPAS RUSTICAS,Fries,33,4980
1/1/19,190,POLLO BELGA,Sandwichs,4,775
1/1/19,187,POLLO COSSAB,Sandwichs,5,980
1/1/19,159,QUESOS X 1,Tapas,9,1940
1/1/19,160,QUESOS X 2,Tapas,1,370
1/1/19,54,RABAS,Apetizers,26,8000
1/1/19,56,RABAS C/SALSAS,Apetizers,3,990
1/1/19,55,RABAS PROV,Apetizers,15,4905
1/1/19,40,SALCH ALEMANA,Sausages,16,3470
1/1/19,42,SALCH DIABLO,Sausages,15,3510
1/1/19,27,SALCHIPAPAS BEL,Fries,28,5340
1/1/19,191,SANWUCHE BERNA,Sandwichs,18,2830
1/1/19,60,SUPER MILANESA,Entries,21,6020
1/1/19,61,SUPREMA FUGAZE,Entries,20,5635
1/1/19,45,TABLA BRATWURST,Sausages,9,4230
1/1/19,82,TAPEO X2,Tapas,114,42390
1/1/19,57,TIRITAS POLL,Apetizers,46,7680
1/1/19,62,TORTILLA,Entries,14,2340
1/1/19,63,TORTILLA ESP,Entries,10,1850
1/1/19,66,WRAP CARNE,Sandwichs,8,1705
1/1/19,65,WRAP POLLO,Sandwichs,18,3500
1/1/19,64,WRAP VEGETA,Sandwichs,11,1925
2/1/19,29,ADICIONAL PANCE,Fries,18,1170
2/1/19,186,ARABE 4 QUESOS,Sandwichs,2,240
2/1/19,184,ARABE JYQ,Sandwichs,3,360
2/1/19,185,ARABE LOMITO,Sandwichs,11,1320
2/1/19,150,BAVIERA X 1,Tapas,8,1720
2/1/19,151,BAVIERA X 2,Tapas,6,2400
2/1/19,90,BONDIOLA NEGRA,Entries,8,1920
2/1/19,59,BRUSQUETA HONG,Apetizers,9,1485
2/1/19,58,BRUSQUETAS CRUD,Apetizers,16,2640
2/1/19,78,C. CAPRESSE,Pizzas,2,300
2/1/19,79,C. CRUDO RUCULA,Pizzas,2,340
2/1/19,81,C. CUATRO QUESO,Pizzas,3,540
2/1/19,71,C. FUGAZZETA,Pizzas,2,290
2/1/19,75,C. JAMON,Pizzas,6,930
2/1/19,80,C. JAMON Y MORR,Pizzas,5,825
2/1/19,77,C. MORRONES,Pizzas,1,155
2/1/19,70,C. MUZZA,Pizzas,7,945
2/1/19,72,C. NAPOLITANA,Pizzas,3,450
2/1/19,76,C. PROVOLONE,Pizzas,2,340
2/1/19,74,C. ROQUEFORT,Pizzas,2,300
2/1/19,49,CHOCOTORTA,Desserts,22,2420
2/1/19,152,COSSAB X 1,Tapas,25,5500
2/1/19,153,COSSAB X 2,Tapas,13,5330
2/1/19,226,CUAD. DE MUZZA,Apetizers,32,5600
2/1/19,188,CUADRIL COSSAB,Sandwichs,3,675
2/1/19,189,CUDRIL VIKINGO,Sandwichs,13,2925
2/1/19,23,ESPAÑOLAS PICAN,Fries,15,2100
2/1/19,173,G. CALABRESA,Pizzas,2,560
2/1/19,178,G. CAPRESSE,Pizzas,4,1120
2/1/19,179,G. CRUDO Y RUCU,Pizzas,2,640
2/1/19,181,G. CUATRO QUESO,Pizzas,1,340
2/1/19,171,G. FUGAZZETA,Pizzas,1,270
2/1/19,175,G. JAMON,Pizzas,1,270
2/1/19,180,G. JAMON Y MORR,Pizzas,5,1550
2/1/19,177,G. MORRONES,Pizzas,1,290
2/1/19,170,G. MUZZA,Pizzas,8,2000
2/1/19,172,G. NAPOLITANA,Pizzas,3,810
2/1/19,176,G. PROVOLONE,Pizzas,1,320
2/1/19,174,G. ROQUEFORT,Pizzas,3,840
2/1/19,236,HAMB ALEMANA,Hamburgers,15,2775
2/1/19,231,HAMB ARGENTA,Hamburgers,12,2220
2/1/19,238,HAMB BRASILERA,Hamburgers,6,1110
2/1/19,241,HAMB CALABAZA,Hamburgers,15,2550
2/1/19,239,HAMB CHARRUA,Hamburgers,10,1850
2/1/19,230,HAMB COSSAB,Hamburgers,25,4625
2/1/19,235,HAMB FRANCESA,Hamburgers,28,5180
2/1/19,237,HAMB KANGREBURG,Hamburgers,47,8695
2/1/19,243,HAMB LENTEJAS,Hamburgers,14,2380
2/1/19,234,HAMB MEXICANA,Hamburgers,7,1295
2/1/19,233,HAMB NORMANDA,Hamburgers,9,1665
2/1/19,240,HAMB NORTEAMERI,Hamburgers,65,12025
2/1/19,244,HAMB QUINOA,Hamburgers,28,4760
2/1/19,242,HAMB SUIZA,Hamburgers,35,6475
2/1/19,232,HAMB VIKINGA,Hamburgers,59,10915
2/1/19,34,MILA DE BERENJE,Entries,12,2400
2/1/19,46,NACHOS,Apetizers,13,2145
2/1/19,32,PANCHO ALEMAN,Sausages,19,2850
2/1/19,31,PANCHO PORTENO,Sausages,6,810
2/1/19,33,PANCHO YANKI,Sausages,10,1500
2/1/19,24,PAPAS 4 QUESOS,Fries,37.5,6000
2/1/19,26,PAPAS BARBACOA,Fries,11,1650
2/1/19,28,PAPAS CHEDDAR,Fries,73,11680
2/1/19,22,PAPAS FRITAS,Fries,32.5,4062.5
2/1/19,25,PAPAS RUSTICAS,Fries,23,3680
2/1/19,190,POLLO BELGA,Sandwichs,3,615
2/1/19,187,POLLO COSSAB,Sandwichs,7,1435
2/1/19,159,QUESOS X 1,Tapas,2,540
2/1/19,160,QUESOS X 2,Tapas,1,500
2/1/19,54,RABAS,Apetizers,29,9860
2/1/19,56,RABAS C/SALSAS,Apetizers,5,1825
2/1/19,55,RABAS PROV,Apetizers,7,2485
2/1/19,40,SALCH ALEMANA,Sausages,13,3185
2/1/19,42,SALCH DIABLO,Sausages,4,1040
2/1/19,27,SALCHIPAPAS BEL,Fries,34,6800
2/1/19,191,SANWUCHE BERNA,Sandwichs,18,2970
2/1/19,60,SUPER MILANESA,Entries,22,6930
2/1/19,61,SUPREMA FUGAZE,Entries,10,3150
2/1/19,45,TABLA BRATWURST,Sausages,9,4455
2/1/19,82,TAPEO X2,Tapas,138,55200
2/1/19,57,TIRITAS POLL,Apetizers,52,9360
2/1/19,62,TORTILLA,Entries,11,1980
2/1/19,63,TORTILLA ESP,Entries,19,3800
2/1/19,66,WRAP CARNE,Sandwichs,18,4230
2/1/19,65,WRAP POLLO,Sandwichs,25,5250
2/1/19,64,WRAP VEGETA,Sandwichs,11,2145
3/1/19,29,ADICIONAL PANCE,Fries,30,1950
3/1/19,186,ARABE 4 QUESOS,Sandwichs,3,360
3/1/19,184,ARABE JYQ,Sandwichs,7,840
3/1/19,185,ARABE LOMITO,Sandwichs,12,1440
3/1/19,150,BAVIERA X 1,Tapas,11,2365
3/1/19,151,BAVIERA X 2,Tapas,6,2400
3/1/19,90,BONDIOLA NEGRA,Entries,13,3340
3/1/19,59,BRUSQUETA HONG,Apetizers,5,825
3/1/19,58,BRUSQUETAS CRUD,Apetizers,12,1980
3/1/19,73,C. CALABRESA,Pizzas,2,300
3/1/19,78,C. CAPRESSE,Pizzas,3,450
3/1/19,79,C. CRUDO RUCULA,Pizzas,3,510
3/1/19,71,C. FUGAZZETA,Pizzas,1,145
3/1/19,80,C. JAMON Y MORR,Pizzas,2,330
3/1/19,77,C. MORRONES,Pizzas,1,155
3/1/19,70,C. MUZZA,Pizzas,7,945
3/1/19,72,C. NAPOLITANA,Pizzas,1,150
3/1/19,76,C. PROVOLONE,Pizzas,1,170
3/1/19,49,CHOCOTORTA,Desserts,8,755
3/1/19,50,COPA MELBA,Desserts,7,760
3/1/19,152,COSSAB X 1,Tapas,18,3960
3/1/19,153,COSSAB X 2,Tapas,17,6970
3/1/19,226,CUAD. DE MUZZA,Apetizers,37,6475
3/1/19,188,CUADRIL COSSAB,Sandwichs,6,1430
3/1/19,189,CUDRIL VIKINGO,Sandwichs,8,1920
3/1/19,23,ESPAÑOLAS PICAN,Fries,14,1960
3/1/19,173,G. CALABRESA,Pizzas,3,840
3/1/19,178,G. CAPRESSE,Pizzas,4,1120
3/1/19,179,G. CRUDO Y RUCU,Pizzas,7,2240
3/1/19,181,G. CUATRO QUESO,Pizzas,3,1020
3/1/19,171,G. FUGAZZETA,Pizzas,5,1350
3/1/19,175,G. JAMON,Pizzas,4,1080
3/1/19,180,G. JAMON Y MORR,Pizzas,10,3100
3/1/19,177,G. MORRONES,Pizzas,1,290
3/1/19,170,G. MUZZA,Pizzas,12,3000
3/1/19,172,G. NAPOLITANA,Pizzas,6,1620
3/1/19,176,G. PROVOLONE,Pizzas,2,640
3/1/19,174,G. ROQUEFORT,Pizzas,1,280
3/1/19,236,HAMB ALEMANA,Hamburgers,23,4585
3/1/19,231,HAMB ARGENTA,Hamburgers,12,2355
3/1/19,238,HAMB BRASILERA,Hamburgers,3,600
3/1/19,241,HAMB CALABAZA,Hamburgers,14,2380
3/1/19,239,HAMB CHARRUA,Hamburgers,19,3770
3/1/19,230,HAMB COSSAB,Hamburgers,30,5925
3/1/19,235,HAMB FRANCESA,Hamburgers,29,5770
3/1/19,237,HAMB KANGREBURG,Hamburgers,36,7095
3/1/19,243,HAMB LENTEJAS,Hamburgers,13,2210
3/1/19,234,HAMB MEXICANA,Hamburgers,9,1800
3/1/19,233,HAMB NORMANDA,Hamburgers,6,1185
3/1/19,240,HAMB NORTEAMERI,Hamburgers,64,12605
3/1/19,244,HAMB QUINOA,Hamburgers,37,6290
3/1/19,242,HAMB SUIZA,Hamburgers,42,8280
3/1/19,232,HAMB VIKINGA,Hamburgers,54,10650
3/1/19,34,MILA DE BERENJE,Entries,15,3000
3/1/19,46,NACHOS,Apetizers,19,3135
3/1/19,32,PANCHO ALEMAN,Sausages,23,3450
3/1/19,31,PANCHO PORTENO,Sausages,9,1215
3/1/19,33,PANCHO YANKI,Sausages,14,2100
3/1/19,24,PAPAS 4 QUESOS,Fries,45,7200
3/1/19,26,PAPAS BARBACOA,Fries,20,3000
3/1/19,28,PAPAS CHEDDAR,Fries,94,15040
3/1/19,22,PAPAS FRITAS,Fries,49.5,6187.5
3/1/19,220,PAPAS LEPRECHAU,Fries,11,1650
3/1/19,25,PAPAS RUSTICAS,Fries,21,3360
3/1/19,190,POLLO BELGA,Sandwichs,6,1310
3/1/19,187,POLLO COSSAB,Sandwichs,9,1965
3/1/19,159,QUESOS X 1,Tapas,9.5,2565
3/1/19,160,QUESOS X 2,Tapas,1,500
3/1/19,54,RABAS,Apetizers,12,4080
3/1/19,56,RABAS C/SALSAS,Apetizers,1,365
3/1/19,55,RABAS PROV,Apetizers,19,6745
3/1/19,40,SALCH ALEMANA,Sausages,12,2940
3/1/19,42,SALCH DIABLO,Sausages,8,2080
3/1/19,27,SALCHIPAPAS BEL,Fries,27,5400
3/1/19,191,SANWUCHE BERNA,Sandwichs,18,2970
3/1/19,60,SUPER MILANESA,Entries,10,3360
3/1/19,61,SUPREMA FUGAZE,Entries,18,6060
3/1/19,45,TABLA BRATWURST,Sausages,13,6435
3/1/19,82,TAPEO X2,Tapas,126,50400
3/1/19,57,TIRITAS POLL,Apetizers,38,7100
3/1/19,62,TORTILLA,Entries,22,3960
3/1/19,63,TORTILLA ESP,Entries,14,2800
3/1/19,66,WRAP CARNE,Sandwichs,9,2220
3/1/19,65,WRAP POLLO,Sandwichs,16,3500
3/1/19,64,WRAP VEGETA,Sandwichs,1,195
4/1/19,29,ADICIONAL PANCE,Fries,15,985
4/1/19,186,ARABE 4 QUESOS,Sandwichs,1,120
4/1/19,184,ARABE JYQ,Sandwichs,3,360
4/1/19,185,ARABE LOMITO,Sandwichs,6,740
4/1/19,150,BAVIERA X 1,Tapas,6,1290
4/1/19,151,BAVIERA X 2,Tapas,7,2800
4/1/19,90,BONDIOLA NEGRA,Entries,9,2340
4/1/19,59,BRUSQUETA HONG,Apetizers,5,825
4/1/19,58,BRUSQUETAS CRUD,Apetizers,5,825
4/1/19,73,C. CALABRESA,Pizzas,3,455
4/1/19,78,C. CAPRESSE,Pizzas,2,300
4/1/19,79,C. CRUDO RUCULA,Pizzas,5,865
4/1/19,71,C. FUGAZZETA,Pizzas,2,290
4/1/19,75,C. JAMON,Pizzas,2,310
4/1/19,80,C. JAMON Y MORR,Pizzas,5,825
4/1/19,77,C. MORRONES,Pizzas,1,155
4/1/19,70,C. MUZZA,Pizzas,8,1090
4/1/19,72,C. NAPOLITANA,Pizzas,2,300
4/1/19,74,C. ROQUEFORT,Pizzas,2,300
4/1/19,49,CHOCOTORTA,Desserts,8,680
4/1/19,50,COPA MELBA,Desserts,4,340
4/1/19,152,COSSAB X 1,Tapas,15,3300
4/1/19,153,COSSAB X 2,Tapas,14,5740
4/1/19,226,CUAD. DE MUZZA,Apetizers,48,8415
4/1/19,188,CUADRIL COSSAB,Sandwichs,8,1960
4/1/19,189,CUDRIL VIKINGO,Sandwichs,5,1245
4/1/19,23,ESPAÑOLAS PICAN,Fries,18,2520
4/1/19,173,G. CALABRESA,Pizzas,1,280
4/1/19,178,G. CAPRESSE,Pizzas,5,1400
4/1/19,179,G. CRUDO Y RUCU,Pizzas,3,960
4/1/19,181,G. CUATRO QUESO,Pizzas,2,680
4/1/19,171,G. FUGAZZETA,Pizzas,2,540
4/1/19,175,G. JAMON,Pizzas,1,270
4/1/19,180,G. JAMON Y MORR,Pizzas,7,2170
4/1/19,177,G. MORRONES,Pizzas,1,290
4/1/19,170,G. MUZZA,Pizzas,7,1750
4/1/19,172,G. NAPOLITANA,Pizzas,6,1640
4/1/19,176,G. PROVOLONE,Pizzas,1,320
4/1/19,236,HAMB ALEMANA,Hamburgers,11,2200
4/1/19,231,HAMB ARGENTA,Hamburgers,10,2000
4/1/19,238,HAMB BRASILERA,Hamburgers,9,1820
4/1/19,241,HAMB CALABAZA,Hamburgers,18,3060
4/1/19,239,HAMB CHARRUA,Hamburgers,14,2800
4/1/19,230,HAMB COSSAB,Hamburgers,32,6420
4/1/19,235,HAMB FRANCESA,Hamburgers,27,5420
4/1/19,237,HAMB KANGREBURG,Hamburgers,38,7680
4/1/19,243,HAMB LENTEJAS,Hamburgers,8,1375
4/1/19,234,HAMB MEXICANA,Hamburgers,12,2460
4/1/19,233,HAMB NORMANDA,Hamburgers,5,1000
4/1/19,240,HAMB NORTEAMERI,Hamburgers,82,16520
4/1/19,244,HAMB QUINOA,Hamburgers,20,3445
4/1/19,242,HAMB SUIZA,Hamburgers,40,8080
4/1/19,232,HAMB VIKINGA,Hamburgers,38,7640
4/1/19,34,MILA DE BERENJE,Entries,6,1200
4/1/19,46,NACHOS,Apetizers,12,2005
4/1/19,32,PANCHO ALEMAN,Sausages,20,3000
4/1/19,31,PANCHO PORTENO,Sausages,5,690
4/1/19,33,PANCHO YANKI,Sausages,7,1050
4/1/19,24,PAPAS 4 QUESOS,Fries,32,5135
4/1/19,26,PAPAS BARBACOA,Fries,11,1650
4/1/19,28,PAPAS CHEDDAR,Fries,86,13850
4/1/19,22,PAPAS FRITAS,Fries,33,4125
4/1/19,25,PAPAS RUSTICAS,Fries,19,3040
4/1/19,190,POLLO BELGA,Sandwichs,4,900
4/1/19,187,POLLO COSSAB,Sandwichs,2,450
4/1/19,159,QUESOS X 1,Tapas,6,1620
4/1/19,54,RABAS,Apetizers,8,2720
4/1/19,56,RABAS C/SALSAS,Apetizers,7,2555
4/1/19,55,RABAS PROV,Apetizers,3,1065
4/1/19,40,SALCH ALEMANA,Sausages,4,980
4/1/19,42,SALCH DIABLO,Sausages,5,1345
4/1/19,27,SALCHIPAPAS BEL,Fries,26,5220
4/1/19,191,SANWUCHE BERNA,Sandwichs,18,2970
4/1/19,60,SUPER MILANESA,Entries,10,3520
4/1/19,61,SUPREMA FUGAZE,Entries,10,3450
4/1/19,45,TABLA BRATWURST,Sausages,9,4455
4/1/19,82,TAPEO X2,Tapas,101,40520
4/1/19,57,TIRITAS POLL,Apetizers,30,5700
4/1/19,62,TORTILLA,Entries,13,2355
4/1/19,63,TORTILLA ESP,Entries,8,1600
4/1/19,66,WRAP CARNE,Sandwichs,14,3500
4/1/19,65,WRAP POLLO,Sandwichs,24,5310
4/1/19,64,WRAP VEGETA,Sandwichs,2,405